Copyright 1986-2022 Xilinx, Inc. All Rights Reserved.
---------------------------------------------------------------------------------------------------------------------------------------------------------------------------------------------
| Tool Version : Vivado v.2022.1 (lin64) Build 3526262 Mon Apr 18 15:47:01 MDT 2022
| Date         : Thu May  1 13:09:45 2025
| Host         : xilinxlab08 running 64-bit Rocky Linux release 8.10 (Green Obsidian)
| Command      : report_bus_skew -warn_on_violation -file jtag_spi_ila_wrapper_bus_skew_routed.rpt -pb jtag_spi_ila_wrapper_bus_skew_routed.pb -rpx jtag_spi_ila_wrapper_bus_skew_routed.rpx
| Design       : jtag_spi_ila_wrapper
| Device       : 7a100t-csg324
| Speed File   : -1  PRODUCTION 1.23 2018-06-13
---------------------------------------------------------------------------------------------------------------------------------------------------------------------------------------------

Bus Skew Report

Table of Contents
-----------------
1. Bus Skew Report Summary
2. Bus Skew Report Per Constraint

1. Bus Skew Report Summary
--------------------------

Id  Position  From                            To                              Corner  Requirement(ns)  Actual(ns)  Slack(ns)
--  --------  ------------------------------  ------------------------------  ------  ---------------  ----------  ---------
1   66        [get_cells [list {jtag_spi_ila_i/jtag_axi_0/inst/jtag_axi_engine_u/rx_fifo_i/inst_fifo_gen/gconvfifo.rf/grf.rf/gntv_or_sync_fifo.gcx.clkx/rd_pntr_cdc_inst/src_gray_ff_reg[0]} {jtag_spi_ila_i/jtag_axi_0/inst/jtag_axi_engine_u/rx_fifo_i/inst_fifo_gen/gconvfifo.rf/grf.rf/gntv_or_sync_fifo.gcx.clkx/rd_pntr_cdc_inst/src_gray_ff_reg[1]} {jtag_spi_ila_i/jtag_axi_0/inst/jtag_axi_engine_u/rx_fifo_i/inst_fifo_gen/gconvfifo.rf/grf.rf/gntv_or_sync_fifo.gcx.clkx/rd_pntr_cdc_inst/src_gray_ff_reg[2]} {jtag_spi_ila_i/jtag_axi_0/inst/jtag_axi_engine_u/rx_fifo_i/inst_fifo_gen/gconvfifo.rf/grf.rf/gntv_or_sync_fifo.gcx.clkx/rd_pntr_cdc_inst/src_gray_ff_reg[3]} {jtag_spi_ila_i/jtag_axi_0/inst/jtag_axi_engine_u/rx_fifo_i/inst_fifo_gen/gconvfifo.rf/grf.rf/gntv_or_sync_fifo.gcx.clkx/rd_pntr_cdc_inst/src_gray_ff_reg[4]} {jtag_spi_ila_i/jtag_axi_0/inst/jtag_axi_engine_u/rx_fifo_i/inst_fifo_gen/gconvfifo.rf/grf.rf/gntv_or_sync_fifo.gcx.clkx/rd_pntr_cdc_inst/src_gray_ff_reg[5]} {jtag_spi_ila_i/jtag_axi_0/inst/jtag_axi_engine_u/rx_fifo_i/inst_fifo_gen/gconvfifo.rf/grf.rf/gntv_or_sync_fifo.gcx.clkx/rd_pntr_cdc_inst/src_gray_ff_reg[6]} {jtag_spi_ila_i/jtag_axi_0/inst/jtag_axi_engine_u/rx_fifo_i/inst_fifo_gen/gconvfifo.rf/grf.rf/gntv_or_sync_fifo.gcx.clkx/rd_pntr_cdc_inst/src_gray_ff_reg[7]}]]
                                              [get_cells [list {jtag_spi_ila_i/jtag_axi_0/inst/jtag_axi_engine_u/rx_fifo_i/inst_fifo_gen/gconvfifo.rf/grf.rf/gntv_or_sync_fifo.gcx.clkx/rd_pntr_cdc_inst/dest_graysync_ff_reg[0][0]} {jtag_spi_ila_i/jtag_axi_0/inst/jtag_axi_engine_u/rx_fifo_i/inst_fifo_gen/gconvfifo.rf/grf.rf/gntv_or_sync_fifo.gcx.clkx/rd_pntr_cdc_inst/dest_graysync_ff_reg[0][1]} {jtag_spi_ila_i/jtag_axi_0/inst/jtag_axi_engine_u/rx_fifo_i/inst_fifo_gen/gconvfifo.rf/grf.rf/gntv_or_sync_fifo.gcx.clkx/rd_pntr_cdc_inst/dest_graysync_ff_reg[0][2]} {jtag_spi_ila_i/jtag_axi_0/inst/jtag_axi_engine_u/rx_fifo_i/inst_fifo_gen/gconvfifo.rf/grf.rf/gntv_or_sync_fifo.gcx.clkx/rd_pntr_cdc_inst/dest_graysync_ff_reg[0][3]} {jtag_spi_ila_i/jtag_axi_0/inst/jtag_axi_engine_u/rx_fifo_i/inst_fifo_gen/gconvfifo.rf/grf.rf/gntv_or_sync_fifo.gcx.clkx/rd_pntr_cdc_inst/dest_graysync_ff_reg[0][4]} {jtag_spi_ila_i/jtag_axi_0/inst/jtag_axi_engine_u/rx_fifo_i/inst_fifo_gen/gconvfifo.rf/grf.rf/gntv_or_sync_fifo.gcx.clkx/rd_pntr_cdc_inst/dest_graysync_ff_reg[0][5]} {jtag_spi_ila_i/jtag_axi_0/inst/jtag_axi_engine_u/rx_fifo_i/inst_fifo_gen/gconvfifo.rf/grf.rf/gntv_or_sync_fifo.gcx.clkx/rd_pntr_cdc_inst/dest_graysync_ff_reg[0][6]} {jtag_spi_ila_i/jtag_axi_0/inst/jtag_axi_engine_u/rx_fifo_i/inst_fifo_gen/gconvfifo.rf/grf.rf/gntv_or_sync_fifo.gcx.clkx/rd_pntr_cdc_inst/dest_graysync_ff_reg[0][7]}]]
                                                                              Slow             10.000       0.828      9.172
2   68        [get_cells [list {jtag_spi_ila_i/jtag_axi_0/inst/jtag_axi_engine_u/tx_fifo_i/inst_fifo_gen/gconvfifo.rf/grf.rf/gntv_or_sync_fifo.gcx.clkx/wr_pntr_cdc_inst/src_gray_ff_reg[0]} {jtag_spi_ila_i/jtag_axi_0/inst/jtag_axi_engine_u/tx_fifo_i/inst_fifo_gen/gconvfifo.rf/grf.rf/gntv_or_sync_fifo.gcx.clkx/wr_pntr_cdc_inst/src_gray_ff_reg[1]} {jtag_spi_ila_i/jtag_axi_0/inst/jtag_axi_engine_u/tx_fifo_i/inst_fifo_gen/gconvfifo.rf/grf.rf/gntv_or_sync_fifo.gcx.clkx/wr_pntr_cdc_inst/src_gray_ff_reg[2]} {jtag_spi_ila_i/jtag_axi_0/inst/jtag_axi_engine_u/tx_fifo_i/inst_fifo_gen/gconvfifo.rf/grf.rf/gntv_or_sync_fifo.gcx.clkx/wr_pntr_cdc_inst/src_gray_ff_reg[3]} {jtag_spi_ila_i/jtag_axi_0/inst/jtag_axi_engine_u/tx_fifo_i/inst_fifo_gen/gconvfifo.rf/grf.rf/gntv_or_sync_fifo.gcx.clkx/wr_pntr_cdc_inst/src_gray_ff_reg[4]} {jtag_spi_ila_i/jtag_axi_0/inst/jtag_axi_engine_u/tx_fifo_i/inst_fifo_gen/gconvfifo.rf/grf.rf/gntv_or_sync_fifo.gcx.clkx/wr_pntr_cdc_inst/src_gray_ff_reg[5]} {jtag_spi_ila_i/jtag_axi_0/inst/jtag_axi_engine_u/tx_fifo_i/inst_fifo_gen/gconvfifo.rf/grf.rf/gntv_or_sync_fifo.gcx.clkx/wr_pntr_cdc_inst/src_gray_ff_reg[6]} {jtag_spi_ila_i/jtag_axi_0/inst/jtag_axi_engine_u/tx_fifo_i/inst_fifo_gen/gconvfifo.rf/grf.rf/gntv_or_sync_fifo.gcx.clkx/wr_pntr_cdc_inst/src_gray_ff_reg[7]}]]
                                              [get_cells [list {jtag_spi_ila_i/jtag_axi_0/inst/jtag_axi_engine_u/tx_fifo_i/inst_fifo_gen/gconvfifo.rf/grf.rf/gntv_or_sync_fifo.gcx.clkx/wr_pntr_cdc_inst/dest_graysync_ff_reg[0][0]} {jtag_spi_ila_i/jtag_axi_0/inst/jtag_axi_engine_u/tx_fifo_i/inst_fifo_gen/gconvfifo.rf/grf.rf/gntv_or_sync_fifo.gcx.clkx/wr_pntr_cdc_inst/dest_graysync_ff_reg[0][1]} {jtag_spi_ila_i/jtag_axi_0/inst/jtag_axi_engine_u/tx_fifo_i/inst_fifo_gen/gconvfifo.rf/grf.rf/gntv_or_sync_fifo.gcx.clkx/wr_pntr_cdc_inst/dest_graysync_ff_reg[0][2]} {jtag_spi_ila_i/jtag_axi_0/inst/jtag_axi_engine_u/tx_fifo_i/inst_fifo_gen/gconvfifo.rf/grf.rf/gntv_or_sync_fifo.gcx.clkx/wr_pntr_cdc_inst/dest_graysync_ff_reg[0][3]} {jtag_spi_ila_i/jtag_axi_0/inst/jtag_axi_engine_u/tx_fifo_i/inst_fifo_gen/gconvfifo.rf/grf.rf/gntv_or_sync_fifo.gcx.clkx/wr_pntr_cdc_inst/dest_graysync_ff_reg[0][4]} {jtag_spi_ila_i/jtag_axi_0/inst/jtag_axi_engine_u/tx_fifo_i/inst_fifo_gen/gconvfifo.rf/grf.rf/gntv_or_sync_fifo.gcx.clkx/wr_pntr_cdc_inst/dest_graysync_ff_reg[0][5]} {jtag_spi_ila_i/jtag_axi_0/inst/jtag_axi_engine_u/tx_fifo_i/inst_fifo_gen/gconvfifo.rf/grf.rf/gntv_or_sync_fifo.gcx.clkx/wr_pntr_cdc_inst/dest_graysync_ff_reg[0][6]} {jtag_spi_ila_i/jtag_axi_0/inst/jtag_axi_engine_u/tx_fifo_i/inst_fifo_gen/gconvfifo.rf/grf.rf/gntv_or_sync_fifo.gcx.clkx/wr_pntr_cdc_inst/dest_graysync_ff_reg[0][7]}]]
                                                                              Slow             10.000       0.736      9.264
3   70        [get_cells [list {jtag_spi_ila_i/jtag_axi_0/inst/jtag_axi_engine_u/tx_fifo_i/inst_fifo_gen/gconvfifo.rf/grf.rf/gntv_or_sync_fifo.gcx.clkx/rd_pntr_cdc_inst/src_gray_ff_reg[0]} {jtag_spi_ila_i/jtag_axi_0/inst/jtag_axi_engine_u/tx_fifo_i/inst_fifo_gen/gconvfifo.rf/grf.rf/gntv_or_sync_fifo.gcx.clkx/rd_pntr_cdc_inst/src_gray_ff_reg[1]} {jtag_spi_ila_i/jtag_axi_0/inst/jtag_axi_engine_u/tx_fifo_i/inst_fifo_gen/gconvfifo.rf/grf.rf/gntv_or_sync_fifo.gcx.clkx/rd_pntr_cdc_inst/src_gray_ff_reg[2]} {jtag_spi_ila_i/jtag_axi_0/inst/jtag_axi_engine_u/tx_fifo_i/inst_fifo_gen/gconvfifo.rf/grf.rf/gntv_or_sync_fifo.gcx.clkx/rd_pntr_cdc_inst/src_gray_ff_reg[3]} {jtag_spi_ila_i/jtag_axi_0/inst/jtag_axi_engine_u/tx_fifo_i/inst_fifo_gen/gconvfifo.rf/grf.rf/gntv_or_sync_fifo.gcx.clkx/rd_pntr_cdc_inst/src_gray_ff_reg[4]} {jtag_spi_ila_i/jtag_axi_0/inst/jtag_axi_engine_u/tx_fifo_i/inst_fifo_gen/gconvfifo.rf/grf.rf/gntv_or_sync_fifo.gcx.clkx/rd_pntr_cdc_inst/src_gray_ff_reg[5]} {jtag_spi_ila_i/jtag_axi_0/inst/jtag_axi_engine_u/tx_fifo_i/inst_fifo_gen/gconvfifo.rf/grf.rf/gntv_or_sync_fifo.gcx.clkx/rd_pntr_cdc_inst/src_gray_ff_reg[6]} {jtag_spi_ila_i/jtag_axi_0/inst/jtag_axi_engine_u/tx_fifo_i/inst_fifo_gen/gconvfifo.rf/grf.rf/gntv_or_sync_fifo.gcx.clkx/rd_pntr_cdc_inst/src_gray_ff_reg[7]}]]
                                              [get_cells [list {jtag_spi_ila_i/jtag_axi_0/inst/jtag_axi_engine_u/tx_fifo_i/inst_fifo_gen/gconvfifo.rf/grf.rf/gntv_or_sync_fifo.gcx.clkx/rd_pntr_cdc_inst/dest_graysync_ff_reg[0][0]} {jtag_spi_ila_i/jtag_axi_0/inst/jtag_axi_engine_u/tx_fifo_i/inst_fifo_gen/gconvfifo.rf/grf.rf/gntv_or_sync_fifo.gcx.clkx/rd_pntr_cdc_inst/dest_graysync_ff_reg[0][1]} {jtag_spi_ila_i/jtag_axi_0/inst/jtag_axi_engine_u/tx_fifo_i/inst_fifo_gen/gconvfifo.rf/grf.rf/gntv_or_sync_fifo.gcx.clkx/rd_pntr_cdc_inst/dest_graysync_ff_reg[0][2]} {jtag_spi_ila_i/jtag_axi_0/inst/jtag_axi_engine_u/tx_fifo_i/inst_fifo_gen/gconvfifo.rf/grf.rf/gntv_or_sync_fifo.gcx.clkx/rd_pntr_cdc_inst/dest_graysync_ff_reg[0][3]} {jtag_spi_ila_i/jtag_axi_0/inst/jtag_axi_engine_u/tx_fifo_i/inst_fifo_gen/gconvfifo.rf/grf.rf/gntv_or_sync_fifo.gcx.clkx/rd_pntr_cdc_inst/dest_graysync_ff_reg[0][4]} {jtag_spi_ila_i/jtag_axi_0/inst/jtag_axi_engine_u/tx_fifo_i/inst_fifo_gen/gconvfifo.rf/grf.rf/gntv_or_sync_fifo.gcx.clkx/rd_pntr_cdc_inst/dest_graysync_ff_reg[0][5]} {jtag_spi_ila_i/jtag_axi_0/inst/jtag_axi_engine_u/tx_fifo_i/inst_fifo_gen/gconvfifo.rf/grf.rf/gntv_or_sync_fifo.gcx.clkx/rd_pntr_cdc_inst/dest_graysync_ff_reg[0][6]} {jtag_spi_ila_i/jtag_axi_0/inst/jtag_axi_engine_u/tx_fifo_i/inst_fifo_gen/gconvfifo.rf/grf.rf/gntv_or_sync_fifo.gcx.clkx/rd_pntr_cdc_inst/dest_graysync_ff_reg[0][7]}]]
                                                                              Slow             10.000       0.708      9.292
4   72        [get_cells [list {jtag_spi_ila_i/jtag_axi_0/inst/jtag_axi_engine_u/rx_fifo_i/inst_fifo_gen/gconvfifo.rf/grf.rf/gntv_or_sync_fifo.gcx.clkx/wr_pntr_cdc_inst/src_gray_ff_reg[0]} {jtag_spi_ila_i/jtag_axi_0/inst/jtag_axi_engine_u/rx_fifo_i/inst_fifo_gen/gconvfifo.rf/grf.rf/gntv_or_sync_fifo.gcx.clkx/wr_pntr_cdc_inst/src_gray_ff_reg[1]} {jtag_spi_ila_i/jtag_axi_0/inst/jtag_axi_engine_u/rx_fifo_i/inst_fifo_gen/gconvfifo.rf/grf.rf/gntv_or_sync_fifo.gcx.clkx/wr_pntr_cdc_inst/src_gray_ff_reg[2]} {jtag_spi_ila_i/jtag_axi_0/inst/jtag_axi_engine_u/rx_fifo_i/inst_fifo_gen/gconvfifo.rf/grf.rf/gntv_or_sync_fifo.gcx.clkx/wr_pntr_cdc_inst/src_gray_ff_reg[3]} {jtag_spi_ila_i/jtag_axi_0/inst/jtag_axi_engine_u/rx_fifo_i/inst_fifo_gen/gconvfifo.rf/grf.rf/gntv_or_sync_fifo.gcx.clkx/wr_pntr_cdc_inst/src_gray_ff_reg[4]} {jtag_spi_ila_i/jtag_axi_0/inst/jtag_axi_engine_u/rx_fifo_i/inst_fifo_gen/gconvfifo.rf/grf.rf/gntv_or_sync_fifo.gcx.clkx/wr_pntr_cdc_inst/src_gray_ff_reg[5]} {jtag_spi_ila_i/jtag_axi_0/inst/jtag_axi_engine_u/rx_fifo_i/inst_fifo_gen/gconvfifo.rf/grf.rf/gntv_or_sync_fifo.gcx.clkx/wr_pntr_cdc_inst/src_gray_ff_reg[6]} {jtag_spi_ila_i/jtag_axi_0/inst/jtag_axi_engine_u/rx_fifo_i/inst_fifo_gen/gconvfifo.rf/grf.rf/gntv_or_sync_fifo.gcx.clkx/wr_pntr_cdc_inst/src_gray_ff_reg[7]}]]
                                              [get_cells [list {jtag_spi_ila_i/jtag_axi_0/inst/jtag_axi_engine_u/rx_fifo_i/inst_fifo_gen/gconvfifo.rf/grf.rf/gntv_or_sync_fifo.gcx.clkx/wr_pntr_cdc_inst/dest_graysync_ff_reg[0][0]} {jtag_spi_ila_i/jtag_axi_0/inst/jtag_axi_engine_u/rx_fifo_i/inst_fifo_gen/gconvfifo.rf/grf.rf/gntv_or_sync_fifo.gcx.clkx/wr_pntr_cdc_inst/dest_graysync_ff_reg[0][1]} {jtag_spi_ila_i/jtag_axi_0/inst/jtag_axi_engine_u/rx_fifo_i/inst_fifo_gen/gconvfifo.rf/grf.rf/gntv_or_sync_fifo.gcx.clkx/wr_pntr_cdc_inst/dest_graysync_ff_reg[0][2]} {jtag_spi_ila_i/jtag_axi_0/inst/jtag_axi_engine_u/rx_fifo_i/inst_fifo_gen/gconvfifo.rf/grf.rf/gntv_or_sync_fifo.gcx.clkx/wr_pntr_cdc_inst/dest_graysync_ff_reg[0][3]} {jtag_spi_ila_i/jtag_axi_0/inst/jtag_axi_engine_u/rx_fifo_i/inst_fifo_gen/gconvfifo.rf/grf.rf/gntv_or_sync_fifo.gcx.clkx/wr_pntr_cdc_inst/dest_graysync_ff_reg[0][4]} {jtag_spi_ila_i/jtag_axi_0/inst/jtag_axi_engine_u/rx_fifo_i/inst_fifo_gen/gconvfifo.rf/grf.rf/gntv_or_sync_fifo.gcx.clkx/wr_pntr_cdc_inst/dest_graysync_ff_reg[0][5]} {jtag_spi_ila_i/jtag_axi_0/inst/jtag_axi_engine_u/rx_fifo_i/inst_fifo_gen/gconvfifo.rf/grf.rf/gntv_or_sync_fifo.gcx.clkx/wr_pntr_cdc_inst/dest_graysync_ff_reg[0][6]} {jtag_spi_ila_i/jtag_axi_0/inst/jtag_axi_engine_u/rx_fifo_i/inst_fifo_gen/gconvfifo.rf/grf.rf/gntv_or_sync_fifo.gcx.clkx/wr_pntr_cdc_inst/dest_graysync_ff_reg[0][7]}]]
                                                                              Slow             10.000       0.785      9.215
5   74        [get_cells [list {jtag_spi_ila_i/jtag_axi_0/inst/jtag_axi_engine_u/rd_cmd_fifo_i/inst_fifo_gen/gconvfifo.rf/grf.rf/gntv_or_sync_fifo.gcx.clkx/rd_pntr_cdc_inst/src_gray_ff_reg[0]} {jtag_spi_ila_i/jtag_axi_0/inst/jtag_axi_engine_u/rd_cmd_fifo_i/inst_fifo_gen/gconvfifo.rf/grf.rf/gntv_or_sync_fifo.gcx.clkx/rd_pntr_cdc_inst/src_gray_ff_reg[1]} {jtag_spi_ila_i/jtag_axi_0/inst/jtag_axi_engine_u/rd_cmd_fifo_i/inst_fifo_gen/gconvfifo.rf/grf.rf/gntv_or_sync_fifo.gcx.clkx/rd_pntr_cdc_inst/src_gray_ff_reg[2]} {jtag_spi_ila_i/jtag_axi_0/inst/jtag_axi_engine_u/rd_cmd_fifo_i/inst_fifo_gen/gconvfifo.rf/grf.rf/gntv_or_sync_fifo.gcx.clkx/rd_pntr_cdc_inst/src_gray_ff_reg[3]}]]
                                              [get_cells [list {jtag_spi_ila_i/jtag_axi_0/inst/jtag_axi_engine_u/rd_cmd_fifo_i/inst_fifo_gen/gconvfifo.rf/grf.rf/gntv_or_sync_fifo.gcx.clkx/rd_pntr_cdc_inst/dest_graysync_ff_reg[0][0]} {jtag_spi_ila_i/jtag_axi_0/inst/jtag_axi_engine_u/rd_cmd_fifo_i/inst_fifo_gen/gconvfifo.rf/grf.rf/gntv_or_sync_fifo.gcx.clkx/rd_pntr_cdc_inst/dest_graysync_ff_reg[0][1]} {jtag_spi_ila_i/jtag_axi_0/inst/jtag_axi_engine_u/rd_cmd_fifo_i/inst_fifo_gen/gconvfifo.rf/grf.rf/gntv_or_sync_fifo.gcx.clkx/rd_pntr_cdc_inst/dest_graysync_ff_reg[0][2]} {jtag_spi_ila_i/jtag_axi_0/inst/jtag_axi_engine_u/rd_cmd_fifo_i/inst_fifo_gen/gconvfifo.rf/grf.rf/gntv_or_sync_fifo.gcx.clkx/rd_pntr_cdc_inst/dest_graysync_ff_reg[0][3]}]]
                                                                              Slow             10.000       0.808      9.192
6   76        [get_cells [list {jtag_spi_ila_i/jtag_axi_0/inst/jtag_axi_engine_u/wr_cmd_fifo_i/inst_fifo_gen/gconvfifo.rf/grf.rf/gntv_or_sync_fifo.gcx.clkx/wr_pntr_cdc_inst/src_gray_ff_reg[0]} {jtag_spi_ila_i/jtag_axi_0/inst/jtag_axi_engine_u/wr_cmd_fifo_i/inst_fifo_gen/gconvfifo.rf/grf.rf/gntv_or_sync_fifo.gcx.clkx/wr_pntr_cdc_inst/src_gray_ff_reg[1]} {jtag_spi_ila_i/jtag_axi_0/inst/jtag_axi_engine_u/wr_cmd_fifo_i/inst_fifo_gen/gconvfifo.rf/grf.rf/gntv_or_sync_fifo.gcx.clkx/wr_pntr_cdc_inst/src_gray_ff_reg[2]} {jtag_spi_ila_i/jtag_axi_0/inst/jtag_axi_engine_u/wr_cmd_fifo_i/inst_fifo_gen/gconvfifo.rf/grf.rf/gntv_or_sync_fifo.gcx.clkx/wr_pntr_cdc_inst/src_gray_ff_reg[3]}]]
                                              [get_cells [list {jtag_spi_ila_i/jtag_axi_0/inst/jtag_axi_engine_u/wr_cmd_fifo_i/inst_fifo_gen/gconvfifo.rf/grf.rf/gntv_or_sync_fifo.gcx.clkx/wr_pntr_cdc_inst/dest_graysync_ff_reg[0][0]} {jtag_spi_ila_i/jtag_axi_0/inst/jtag_axi_engine_u/wr_cmd_fifo_i/inst_fifo_gen/gconvfifo.rf/grf.rf/gntv_or_sync_fifo.gcx.clkx/wr_pntr_cdc_inst/dest_graysync_ff_reg[0][1]} {jtag_spi_ila_i/jtag_axi_0/inst/jtag_axi_engine_u/wr_cmd_fifo_i/inst_fifo_gen/gconvfifo.rf/grf.rf/gntv_or_sync_fifo.gcx.clkx/wr_pntr_cdc_inst/dest_graysync_ff_reg[0][2]} {jtag_spi_ila_i/jtag_axi_0/inst/jtag_axi_engine_u/wr_cmd_fifo_i/inst_fifo_gen/gconvfifo.rf/grf.rf/gntv_or_sync_fifo.gcx.clkx/wr_pntr_cdc_inst/dest_graysync_ff_reg[0][3]}]]
                                                                              Slow             10.000       0.678      9.322
7   78        [get_cells [list {jtag_spi_ila_i/jtag_axi_0/inst/jtag_axi_engine_u/wr_cmd_fifo_i/inst_fifo_gen/gconvfifo.rf/grf.rf/gntv_or_sync_fifo.gcx.clkx/rd_pntr_cdc_inst/src_gray_ff_reg[0]} {jtag_spi_ila_i/jtag_axi_0/inst/jtag_axi_engine_u/wr_cmd_fifo_i/inst_fifo_gen/gconvfifo.rf/grf.rf/gntv_or_sync_fifo.gcx.clkx/rd_pntr_cdc_inst/src_gray_ff_reg[1]} {jtag_spi_ila_i/jtag_axi_0/inst/jtag_axi_engine_u/wr_cmd_fifo_i/inst_fifo_gen/gconvfifo.rf/grf.rf/gntv_or_sync_fifo.gcx.clkx/rd_pntr_cdc_inst/src_gray_ff_reg[2]} {jtag_spi_ila_i/jtag_axi_0/inst/jtag_axi_engine_u/wr_cmd_fifo_i/inst_fifo_gen/gconvfifo.rf/grf.rf/gntv_or_sync_fifo.gcx.clkx/rd_pntr_cdc_inst/src_gray_ff_reg[3]}]]
                                              [get_cells [list {jtag_spi_ila_i/jtag_axi_0/inst/jtag_axi_engine_u/wr_cmd_fifo_i/inst_fifo_gen/gconvfifo.rf/grf.rf/gntv_or_sync_fifo.gcx.clkx/rd_pntr_cdc_inst/dest_graysync_ff_reg[0][0]} {jtag_spi_ila_i/jtag_axi_0/inst/jtag_axi_engine_u/wr_cmd_fifo_i/inst_fifo_gen/gconvfifo.rf/grf.rf/gntv_or_sync_fifo.gcx.clkx/rd_pntr_cdc_inst/dest_graysync_ff_reg[0][1]} {jtag_spi_ila_i/jtag_axi_0/inst/jtag_axi_engine_u/wr_cmd_fifo_i/inst_fifo_gen/gconvfifo.rf/grf.rf/gntv_or_sync_fifo.gcx.clkx/rd_pntr_cdc_inst/dest_graysync_ff_reg[0][2]} {jtag_spi_ila_i/jtag_axi_0/inst/jtag_axi_engine_u/wr_cmd_fifo_i/inst_fifo_gen/gconvfifo.rf/grf.rf/gntv_or_sync_fifo.gcx.clkx/rd_pntr_cdc_inst/dest_graysync_ff_reg[0][3]}]]
                                                                              Slow             10.000       0.595      9.405
8   80        [get_cells [list {jtag_spi_ila_i/jtag_axi_0/inst/jtag_axi_engine_u/rd_cmd_fifo_i/inst_fifo_gen/gconvfifo.rf/grf.rf/gntv_or_sync_fifo.gcx.clkx/wr_pntr_cdc_inst/src_gray_ff_reg[0]} {jtag_spi_ila_i/jtag_axi_0/inst/jtag_axi_engine_u/rd_cmd_fifo_i/inst_fifo_gen/gconvfifo.rf/grf.rf/gntv_or_sync_fifo.gcx.clkx/wr_pntr_cdc_inst/src_gray_ff_reg[1]} {jtag_spi_ila_i/jtag_axi_0/inst/jtag_axi_engine_u/rd_cmd_fifo_i/inst_fifo_gen/gconvfifo.rf/grf.rf/gntv_or_sync_fifo.gcx.clkx/wr_pntr_cdc_inst/src_gray_ff_reg[2]} {jtag_spi_ila_i/jtag_axi_0/inst/jtag_axi_engine_u/rd_cmd_fifo_i/inst_fifo_gen/gconvfifo.rf/grf.rf/gntv_or_sync_fifo.gcx.clkx/wr_pntr_cdc_inst/src_gray_ff_reg[3]}]]
                                              [get_cells [list {jtag_spi_ila_i/jtag_axi_0/inst/jtag_axi_engine_u/rd_cmd_fifo_i/inst_fifo_gen/gconvfifo.rf/grf.rf/gntv_or_sync_fifo.gcx.clkx/wr_pntr_cdc_inst/dest_graysync_ff_reg[0][0]} {jtag_spi_ila_i/jtag_axi_0/inst/jtag_axi_engine_u/rd_cmd_fifo_i/inst_fifo_gen/gconvfifo.rf/grf.rf/gntv_or_sync_fifo.gcx.clkx/wr_pntr_cdc_inst/dest_graysync_ff_reg[0][1]} {jtag_spi_ila_i/jtag_axi_0/inst/jtag_axi_engine_u/rd_cmd_fifo_i/inst_fifo_gen/gconvfifo.rf/grf.rf/gntv_or_sync_fifo.gcx.clkx/wr_pntr_cdc_inst/dest_graysync_ff_reg[0][2]} {jtag_spi_ila_i/jtag_axi_0/inst/jtag_axi_engine_u/rd_cmd_fifo_i/inst_fifo_gen/gconvfifo.rf/grf.rf/gntv_or_sync_fifo.gcx.clkx/wr_pntr_cdc_inst/dest_graysync_ff_reg[0][3]}]]
                                                                              Slow             10.000       0.758      9.242
9   84        [get_cells [list {dbg_hub/inst/BSCANID.u_xsdbm_id/CORE_XSDB.UUT_MASTER/U_ICON_INTERFACE/U_CMD6_RD/U_RD_FIFO/SUBCORE_FIFO.xsdbm_v3_0_0_rdfifo_inst/inst_fifo_gen/gconvfifo.rf/grf.rf/gntv_or_sync_fifo.gcx.clkx/gnxpm_cdc.rd_pntr_gc_reg[0]} {dbg_hub/inst/BSCANID.u_xsdbm_id/CORE_XSDB.UUT_MASTER/U_ICON_INTERFACE/U_CMD6_RD/U_RD_FIFO/SUBCORE_FIFO.xsdbm_v3_0_0_rdfifo_inst/inst_fifo_gen/gconvfifo.rf/grf.rf/gntv_or_sync_fifo.gcx.clkx/gnxpm_cdc.rd_pntr_gc_reg[1]} {dbg_hub/inst/BSCANID.u_xsdbm_id/CORE_XSDB.UUT_MASTER/U_ICON_INTERFACE/U_CMD6_RD/U_RD_FIFO/SUBCORE_FIFO.xsdbm_v3_0_0_rdfifo_inst/inst_fifo_gen/gconvfifo.rf/grf.rf/gntv_or_sync_fifo.gcx.clkx/gnxpm_cdc.rd_pntr_gc_reg[2]} {dbg_hub/inst/BSCANID.u_xsdbm_id/CORE_XSDB.UUT_MASTER/U_ICON_INTERFACE/U_CMD6_RD/U_RD_FIFO/SUBCORE_FIFO.xsdbm_v3_0_0_rdfifo_inst/inst_fifo_gen/gconvfifo.rf/grf.rf/gntv_or_sync_fifo.gcx.clkx/gnxpm_cdc.rd_pntr_gc_reg[3]}]]
                                              [get_cells [list {dbg_hub/inst/BSCANID.u_xsdbm_id/CORE_XSDB.UUT_MASTER/U_ICON_INTERFACE/U_CMD6_RD/U_RD_FIFO/SUBCORE_FIFO.xsdbm_v3_0_0_rdfifo_inst/inst_fifo_gen/gconvfifo.rf/grf.rf/gntv_or_sync_fifo.gcx.clkx/gnxpm_cdc.gsync_stage[1].wr_stg_inst/Q_reg_reg[0]} {dbg_hub/inst/BSCANID.u_xsdbm_id/CORE_XSDB.UUT_MASTER/U_ICON_INTERFACE/U_CMD6_RD/U_RD_FIFO/SUBCORE_FIFO.xsdbm_v3_0_0_rdfifo_inst/inst_fifo_gen/gconvfifo.rf/grf.rf/gntv_or_sync_fifo.gcx.clkx/gnxpm_cdc.gsync_stage[1].wr_stg_inst/Q_reg_reg[1]} {dbg_hub/inst/BSCANID.u_xsdbm_id/CORE_XSDB.UUT_MASTER/U_ICON_INTERFACE/U_CMD6_RD/U_RD_FIFO/SUBCORE_FIFO.xsdbm_v3_0_0_rdfifo_inst/inst_fifo_gen/gconvfifo.rf/grf.rf/gntv_or_sync_fifo.gcx.clkx/gnxpm_cdc.gsync_stage[1].wr_stg_inst/Q_reg_reg[2]} {dbg_hub/inst/BSCANID.u_xsdbm_id/CORE_XSDB.UUT_MASTER/U_ICON_INTERFACE/U_CMD6_RD/U_RD_FIFO/SUBCORE_FIFO.xsdbm_v3_0_0_rdfifo_inst/inst_fifo_gen/gconvfifo.rf/grf.rf/gntv_or_sync_fifo.gcx.clkx/gnxpm_cdc.gsync_stage[1].wr_stg_inst/Q_reg_reg[3]}]]
                                                                              Slow             10.000       1.057      8.943
10  86        [get_cells [list {dbg_hub/inst/BSCANID.u_xsdbm_id/CORE_XSDB.UUT_MASTER/U_ICON_INTERFACE/U_CMD6_RD/U_RD_FIFO/SUBCORE_FIFO.xsdbm_v3_0_0_rdfifo_inst/inst_fifo_gen/gconvfifo.rf/grf.rf/gntv_or_sync_fifo.gcx.clkx/gnxpm_cdc.wr_pntr_gc_reg[0]} {dbg_hub/inst/BSCANID.u_xsdbm_id/CORE_XSDB.UUT_MASTER/U_ICON_INTERFACE/U_CMD6_RD/U_RD_FIFO/SUBCORE_FIFO.xsdbm_v3_0_0_rdfifo_inst/inst_fifo_gen/gconvfifo.rf/grf.rf/gntv_or_sync_fifo.gcx.clkx/gnxpm_cdc.wr_pntr_gc_reg[1]} {dbg_hub/inst/BSCANID.u_xsdbm_id/CORE_XSDB.UUT_MASTER/U_ICON_INTERFACE/U_CMD6_RD/U_RD_FIFO/SUBCORE_FIFO.xsdbm_v3_0_0_rdfifo_inst/inst_fifo_gen/gconvfifo.rf/grf.rf/gntv_or_sync_fifo.gcx.clkx/gnxpm_cdc.wr_pntr_gc_reg[2]} {dbg_hub/inst/BSCANID.u_xsdbm_id/CORE_XSDB.UUT_MASTER/U_ICON_INTERFACE/U_CMD6_RD/U_RD_FIFO/SUBCORE_FIFO.xsdbm_v3_0_0_rdfifo_inst/inst_fifo_gen/gconvfifo.rf/grf.rf/gntv_or_sync_fifo.gcx.clkx/gnxpm_cdc.wr_pntr_gc_reg[3]}]]
                                              [get_cells [list {dbg_hub/inst/BSCANID.u_xsdbm_id/CORE_XSDB.UUT_MASTER/U_ICON_INTERFACE/U_CMD6_RD/U_RD_FIFO/SUBCORE_FIFO.xsdbm_v3_0_0_rdfifo_inst/inst_fifo_gen/gconvfifo.rf/grf.rf/gntv_or_sync_fifo.gcx.clkx/gnxpm_cdc.gsync_stage[1].rd_stg_inst/Q_reg_reg[0]} {dbg_hub/inst/BSCANID.u_xsdbm_id/CORE_XSDB.UUT_MASTER/U_ICON_INTERFACE/U_CMD6_RD/U_RD_FIFO/SUBCORE_FIFO.xsdbm_v3_0_0_rdfifo_inst/inst_fifo_gen/gconvfifo.rf/grf.rf/gntv_or_sync_fifo.gcx.clkx/gnxpm_cdc.gsync_stage[1].rd_stg_inst/Q_reg_reg[1]} {dbg_hub/inst/BSCANID.u_xsdbm_id/CORE_XSDB.UUT_MASTER/U_ICON_INTERFACE/U_CMD6_RD/U_RD_FIFO/SUBCORE_FIFO.xsdbm_v3_0_0_rdfifo_inst/inst_fifo_gen/gconvfifo.rf/grf.rf/gntv_or_sync_fifo.gcx.clkx/gnxpm_cdc.gsync_stage[1].rd_stg_inst/Q_reg_reg[2]} {dbg_hub/inst/BSCANID.u_xsdbm_id/CORE_XSDB.UUT_MASTER/U_ICON_INTERFACE/U_CMD6_RD/U_RD_FIFO/SUBCORE_FIFO.xsdbm_v3_0_0_rdfifo_inst/inst_fifo_gen/gconvfifo.rf/grf.rf/gntv_or_sync_fifo.gcx.clkx/gnxpm_cdc.gsync_stage[1].rd_stg_inst/Q_reg_reg[3]}]]
                                                                              Slow             10.000       0.831      9.169
11  89        [get_cells [list {dbg_hub/inst/BSCANID.u_xsdbm_id/CORE_XSDB.UUT_MASTER/U_ICON_INTERFACE/U_CMD6_WR/U_WR_FIFO/SUBCORE_FIFO.xsdbm_v3_0_0_wrfifo_inst/inst_fifo_gen/gconvfifo.rf/grf.rf/gntv_or_sync_fifo.gcx.clkx/gnxpm_cdc.rd_pntr_gc_reg[0]} {dbg_hub/inst/BSCANID.u_xsdbm_id/CORE_XSDB.UUT_MASTER/U_ICON_INTERFACE/U_CMD6_WR/U_WR_FIFO/SUBCORE_FIFO.xsdbm_v3_0_0_wrfifo_inst/inst_fifo_gen/gconvfifo.rf/grf.rf/gntv_or_sync_fifo.gcx.clkx/gnxpm_cdc.rd_pntr_gc_reg[1]} {dbg_hub/inst/BSCANID.u_xsdbm_id/CORE_XSDB.UUT_MASTER/U_ICON_INTERFACE/U_CMD6_WR/U_WR_FIFO/SUBCORE_FIFO.xsdbm_v3_0_0_wrfifo_inst/inst_fifo_gen/gconvfifo.rf/grf.rf/gntv_or_sync_fifo.gcx.clkx/gnxpm_cdc.rd_pntr_gc_reg[2]} {dbg_hub/inst/BSCANID.u_xsdbm_id/CORE_XSDB.UUT_MASTER/U_ICON_INTERFACE/U_CMD6_WR/U_WR_FIFO/SUBCORE_FIFO.xsdbm_v3_0_0_wrfifo_inst/inst_fifo_gen/gconvfifo.rf/grf.rf/gntv_or_sync_fifo.gcx.clkx/gnxpm_cdc.rd_pntr_gc_reg[3]}]]
                                              [get_cells [list {dbg_hub/inst/BSCANID.u_xsdbm_id/CORE_XSDB.UUT_MASTER/U_ICON_INTERFACE/U_CMD6_WR/U_WR_FIFO/SUBCORE_FIFO.xsdbm_v3_0_0_wrfifo_inst/inst_fifo_gen/gconvfifo.rf/grf.rf/gntv_or_sync_fifo.gcx.clkx/gnxpm_cdc.gsync_stage[1].wr_stg_inst/Q_reg_reg[0]} {dbg_hub/inst/BSCANID.u_xsdbm_id/CORE_XSDB.UUT_MASTER/U_ICON_INTERFACE/U_CMD6_WR/U_WR_FIFO/SUBCORE_FIFO.xsdbm_v3_0_0_wrfifo_inst/inst_fifo_gen/gconvfifo.rf/grf.rf/gntv_or_sync_fifo.gcx.clkx/gnxpm_cdc.gsync_stage[1].wr_stg_inst/Q_reg_reg[1]} {dbg_hub/inst/BSCANID.u_xsdbm_id/CORE_XSDB.UUT_MASTER/U_ICON_INTERFACE/U_CMD6_WR/U_WR_FIFO/SUBCORE_FIFO.xsdbm_v3_0_0_wrfifo_inst/inst_fifo_gen/gconvfifo.rf/grf.rf/gntv_or_sync_fifo.gcx.clkx/gnxpm_cdc.gsync_stage[1].wr_stg_inst/Q_reg_reg[2]} {dbg_hub/inst/BSCANID.u_xsdbm_id/CORE_XSDB.UUT_MASTER/U_ICON_INTERFACE/U_CMD6_WR/U_WR_FIFO/SUBCORE_FIFO.xsdbm_v3_0_0_wrfifo_inst/inst_fifo_gen/gconvfifo.rf/grf.rf/gntv_or_sync_fifo.gcx.clkx/gnxpm_cdc.gsync_stage[1].wr_stg_inst/Q_reg_reg[3]}]]
                                                                              Slow             10.000       0.807      9.193
12  91        [get_cells [list {dbg_hub/inst/BSCANID.u_xsdbm_id/CORE_XSDB.UUT_MASTER/U_ICON_INTERFACE/U_CMD6_WR/U_WR_FIFO/SUBCORE_FIFO.xsdbm_v3_0_0_wrfifo_inst/inst_fifo_gen/gconvfifo.rf/grf.rf/gntv_or_sync_fifo.gcx.clkx/gnxpm_cdc.wr_pntr_gc_reg[0]} {dbg_hub/inst/BSCANID.u_xsdbm_id/CORE_XSDB.UUT_MASTER/U_ICON_INTERFACE/U_CMD6_WR/U_WR_FIFO/SUBCORE_FIFO.xsdbm_v3_0_0_wrfifo_inst/inst_fifo_gen/gconvfifo.rf/grf.rf/gntv_or_sync_fifo.gcx.clkx/gnxpm_cdc.wr_pntr_gc_reg[1]} {dbg_hub/inst/BSCANID.u_xsdbm_id/CORE_XSDB.UUT_MASTER/U_ICON_INTERFACE/U_CMD6_WR/U_WR_FIFO/SUBCORE_FIFO.xsdbm_v3_0_0_wrfifo_inst/inst_fifo_gen/gconvfifo.rf/grf.rf/gntv_or_sync_fifo.gcx.clkx/gnxpm_cdc.wr_pntr_gc_reg[2]} {dbg_hub/inst/BSCANID.u_xsdbm_id/CORE_XSDB.UUT_MASTER/U_ICON_INTERFACE/U_CMD6_WR/U_WR_FIFO/SUBCORE_FIFO.xsdbm_v3_0_0_wrfifo_inst/inst_fifo_gen/gconvfifo.rf/grf.rf/gntv_or_sync_fifo.gcx.clkx/gnxpm_cdc.wr_pntr_gc_reg[3]}]]
                                              [get_cells [list {dbg_hub/inst/BSCANID.u_xsdbm_id/CORE_XSDB.UUT_MASTER/U_ICON_INTERFACE/U_CMD6_WR/U_WR_FIFO/SUBCORE_FIFO.xsdbm_v3_0_0_wrfifo_inst/inst_fifo_gen/gconvfifo.rf/grf.rf/gntv_or_sync_fifo.gcx.clkx/gnxpm_cdc.gsync_stage[1].rd_stg_inst/Q_reg_reg[0]} {dbg_hub/inst/BSCANID.u_xsdbm_id/CORE_XSDB.UUT_MASTER/U_ICON_INTERFACE/U_CMD6_WR/U_WR_FIFO/SUBCORE_FIFO.xsdbm_v3_0_0_wrfifo_inst/inst_fifo_gen/gconvfifo.rf/grf.rf/gntv_or_sync_fifo.gcx.clkx/gnxpm_cdc.gsync_stage[1].rd_stg_inst/Q_reg_reg[1]} {dbg_hub/inst/BSCANID.u_xsdbm_id/CORE_XSDB.UUT_MASTER/U_ICON_INTERFACE/U_CMD6_WR/U_WR_FIFO/SUBCORE_FIFO.xsdbm_v3_0_0_wrfifo_inst/inst_fifo_gen/gconvfifo.rf/grf.rf/gntv_or_sync_fifo.gcx.clkx/gnxpm_cdc.gsync_stage[1].rd_stg_inst/Q_reg_reg[2]} {dbg_hub/inst/BSCANID.u_xsdbm_id/CORE_XSDB.UUT_MASTER/U_ICON_INTERFACE/U_CMD6_WR/U_WR_FIFO/SUBCORE_FIFO.xsdbm_v3_0_0_wrfifo_inst/inst_fifo_gen/gconvfifo.rf/grf.rf/gntv_or_sync_fifo.gcx.clkx/gnxpm_cdc.gsync_stage[1].rd_stg_inst/Q_reg_reg[3]}]]
                                                                              Slow             10.000       0.621      9.379


2. Bus Skew Report Per Constraint
---------------------------------

Id: 1
set_bus_skew -from [get_cells [list {jtag_spi_ila_i/jtag_axi_0/inst/jtag_axi_engine_u/rx_fifo_i/inst_fifo_gen/gconvfifo.rf/grf.rf/gntv_or_sync_fifo.gcx.clkx/rd_pntr_cdc_inst/src_gray_ff_reg[0]} {jtag_spi_ila_i/jtag_axi_0/inst/jtag_axi_engine_u/rx_fifo_i/inst_fifo_gen/gconvfifo.rf/grf.rf/gntv_or_sync_fifo.gcx.clkx/rd_pntr_cdc_inst/src_gray_ff_reg[1]} {jtag_spi_ila_i/jtag_axi_0/inst/jtag_axi_engine_u/rx_fifo_i/inst_fifo_gen/gconvfifo.rf/grf.rf/gntv_or_sync_fifo.gcx.clkx/rd_pntr_cdc_inst/src_gray_ff_reg[2]} {jtag_spi_ila_i/jtag_axi_0/inst/jtag_axi_engine_u/rx_fifo_i/inst_fifo_gen/gconvfifo.rf/grf.rf/gntv_or_sync_fifo.gcx.clkx/rd_pntr_cdc_inst/src_gray_ff_reg[3]} {jtag_spi_ila_i/jtag_axi_0/inst/jtag_axi_engine_u/rx_fifo_i/inst_fifo_gen/gconvfifo.rf/grf.rf/gntv_or_sync_fifo.gcx.clkx/rd_pntr_cdc_inst/src_gray_ff_reg[4]} {jtag_spi_ila_i/jtag_axi_0/inst/jtag_axi_engine_u/rx_fifo_i/inst_fifo_gen/gconvfifo.rf/grf.rf/gntv_or_sync_fifo.gcx.clkx/rd_pntr_cdc_inst/src_gray_ff_reg[5]} {jtag_spi_ila_i/jtag_axi_0/inst/jtag_axi_engine_u/rx_fifo_i/inst_fifo_gen/gconvfifo.rf/grf.rf/gntv_or_sync_fifo.gcx.clkx/rd_pntr_cdc_inst/src_gray_ff_reg[6]} {jtag_spi_ila_i/jtag_axi_0/inst/jtag_axi_engine_u/rx_fifo_i/inst_fifo_gen/gconvfifo.rf/grf.rf/gntv_or_sync_fifo.gcx.clkx/rd_pntr_cdc_inst/src_gray_ff_reg[7]}]] -to [get_cells [list {jtag_spi_ila_i/jtag_axi_0/inst/jtag_axi_engine_u/rx_fifo_i/inst_fifo_gen/gconvfifo.rf/grf.rf/gntv_or_sync_fifo.gcx.clkx/rd_pntr_cdc_inst/dest_graysync_ff_reg[0][0]} {jtag_spi_ila_i/jtag_axi_0/inst/jtag_axi_engine_u/rx_fifo_i/inst_fifo_gen/gconvfifo.rf/grf.rf/gntv_or_sync_fifo.gcx.clkx/rd_pntr_cdc_inst/dest_graysync_ff_reg[0][1]} {jtag_spi_ila_i/jtag_axi_0/inst/jtag_axi_engine_u/rx_fifo_i/inst_fifo_gen/gconvfifo.rf/grf.rf/gntv_or_sync_fifo.gcx.clkx/rd_pntr_cdc_inst/dest_graysync_ff_reg[0][2]} {jtag_spi_ila_i/jtag_axi_0/inst/jtag_axi_engine_u/rx_fifo_i/inst_fifo_gen/gconvfifo.rf/grf.rf/gntv_or_sync_fifo.gcx.clkx/rd_pntr_cdc_inst/dest_graysync_ff_reg[0][3]} {jtag_spi_ila_i/jtag_axi_0/inst/jtag_axi_engine_u/rx_fifo_i/inst_fifo_gen/gconvfifo.rf/grf.rf/gntv_or_sync_fifo.gcx.clkx/rd_pntr_cdc_inst/dest_graysync_ff_reg[0][4]} {jtag_spi_ila_i/jtag_axi_0/inst/jtag_axi_engine_u/rx_fifo_i/inst_fifo_gen/gconvfifo.rf/grf.rf/gntv_or_sync_fifo.gcx.clkx/rd_pntr_cdc_inst/dest_graysync_ff_reg[0][5]} {jtag_spi_ila_i/jtag_axi_0/inst/jtag_axi_engine_u/rx_fifo_i/inst_fifo_gen/gconvfifo.rf/grf.rf/gntv_or_sync_fifo.gcx.clkx/rd_pntr_cdc_inst/dest_graysync_ff_reg[0][6]} {jtag_spi_ila_i/jtag_axi_0/inst/jtag_axi_engine_u/rx_fifo_i/inst_fifo_gen/gconvfifo.rf/grf.rf/gntv_or_sync_fifo.gcx.clkx/rd_pntr_cdc_inst/dest_graysync_ff_reg[0][7]}]] 10.000
Requirement: 10.000ns
Endpoints: 8

From Clock            To Clock              Endpoint Pin                    Reference Pin                   Corner  Actual(ns)  Slack(ns)
--------------------  --------------------  ------------------------------  ------------------------------  ------  ----------  ---------
clk_out1_jtag_spi_ila_clk_wiz_0
                      clk_out1_jtag_spi_ila_clk_wiz_0
                                            jtag_spi_ila_i/jtag_axi_0/inst/jtag_axi_engine_u/rx_fifo_i/inst_fifo_gen/gconvfifo.rf/grf.rf/gntv_or_sync_fifo.gcx.clkx/rd_pntr_cdc_inst/dest_graysync_ff_reg[0][6]/D
                                                                            jtag_spi_ila_i/jtag_axi_0/inst/jtag_axi_engine_u/rx_fifo_i/inst_fifo_gen/gconvfifo.rf/grf.rf/gntv_or_sync_fifo.gcx.clkx/rd_pntr_cdc_inst/dest_graysync_ff_reg[0][0]/D
                                                                                                            Slow         0.828      9.172


Slack (MET) :             9.172ns  (requirement - actual skew)
  Endpoint Source:        jtag_spi_ila_i/jtag_axi_0/inst/jtag_axi_engine_u/rx_fifo_i/inst_fifo_gen/gconvfifo.rf/grf.rf/gntv_or_sync_fifo.gcx.clkx/rd_pntr_cdc_inst/src_gray_ff_reg[6]/C
                            (rising edge-triggered cell FDRE clocked by clk_out1_jtag_spi_ila_clk_wiz_0)
  Endpoint Destination:   jtag_spi_ila_i/jtag_axi_0/inst/jtag_axi_engine_u/rx_fifo_i/inst_fifo_gen/gconvfifo.rf/grf.rf/gntv_or_sync_fifo.gcx.clkx/rd_pntr_cdc_inst/dest_graysync_ff_reg[0][6]/D
                            (rising edge-triggered cell FDRE clocked by clk_out1_jtag_spi_ila_clk_wiz_0)
  Reference Source:       jtag_spi_ila_i/jtag_axi_0/inst/jtag_axi_engine_u/rx_fifo_i/inst_fifo_gen/gconvfifo.rf/grf.rf/gntv_or_sync_fifo.gcx.clkx/rd_pntr_cdc_inst/src_gray_ff_reg[0]/C
                            (rising edge-triggered cell FDRE clocked by clk_out1_jtag_spi_ila_clk_wiz_0)
  Reference Destination:  jtag_spi_ila_i/jtag_axi_0/inst/jtag_axi_engine_u/rx_fifo_i/inst_fifo_gen/gconvfifo.rf/grf.rf/gntv_or_sync_fifo.gcx.clkx/rd_pntr_cdc_inst/dest_graysync_ff_reg[0][0]/D
                            (rising edge-triggered cell FDRE clocked by clk_out1_jtag_spi_ila_clk_wiz_0)
  Path Type:              Bus Skew (Max at Slow Process Corner)
  Requirement:            10.000ns
  Endpoint Relative Delay:    1.381ns
  Reference Relative Delay:   0.554ns
  Relative CRPR:              0.000ns
  Actual Bus Skew:            0.828ns  (Endpoint Relative Delay - Reference Relative Delay - Relative CRPR)

Endpoint path:
    Location             Delay type                Incr(ns)  Path(ns)    Netlist Resource(s)
  -------------------------------------------------------------------    -------------------
                         (clock clk_out1_jtag_spi_ila_clk_wiz_0 rise edge)
                                                      0.000     0.000 r  
    E3                   IBUF                         0.000     0.000 r  sys_clock_IBUF_inst/O
                         net (fo=2, routed)           1.233     1.233    jtag_spi_ila_i/clk_wiz/inst/clk_in1
    MMCME2_ADV_X1Y2      MMCME2_ADV (Prop_mmcme2_adv_CLKIN1_CLKOUT0)
                                                     -7.070    -5.837 r  jtag_spi_ila_i/clk_wiz/inst/mmcm_adv_inst/CLKOUT0
                         net (fo=1, routed)           1.719    -4.118    jtag_spi_ila_i/clk_wiz/inst/clk_out1_jtag_spi_ila_clk_wiz_0
    BUFGCTRL_X0Y16       BUFG (Prop_bufg_I_O)         0.096    -4.022 r  jtag_spi_ila_i/clk_wiz/inst/clkout1_buf/O
                         net (fo=3352, routed)        1.633    -2.388    jtag_spi_ila_i/jtag_axi_0/inst/jtag_axi_engine_u/rx_fifo_i/inst_fifo_gen/gconvfifo.rf/grf.rf/gntv_or_sync_fifo.gcx.clkx/rd_pntr_cdc_inst/src_clk
    SLICE_X32Y83         FDRE                                         r  jtag_spi_ila_i/jtag_axi_0/inst/jtag_axi_engine_u/rx_fifo_i/inst_fifo_gen/gconvfifo.rf/grf.rf/gntv_or_sync_fifo.gcx.clkx/rd_pntr_cdc_inst/src_gray_ff_reg[6]/C
  -------------------------------------------------------------------    -------------------
    SLICE_X32Y83         FDRE (Prop_fdre_C_Q)         0.456    -1.932 r  jtag_spi_ila_i/jtag_axi_0/inst/jtag_axi_engine_u/rx_fifo_i/inst_fifo_gen/gconvfifo.rf/grf.rf/gntv_or_sync_fifo.gcx.clkx/rd_pntr_cdc_inst/src_gray_ff_reg[6]/Q
                         net (fo=1, routed)           0.807    -1.125    jtag_spi_ila_i/jtag_axi_0/inst/jtag_axi_engine_u/rx_fifo_i/inst_fifo_gen/gconvfifo.rf/grf.rf/gntv_or_sync_fifo.gcx.clkx/rd_pntr_cdc_inst/async_path[6]
    SLICE_X31Y82         FDRE                                         r  jtag_spi_ila_i/jtag_axi_0/inst/jtag_axi_engine_u/rx_fifo_i/inst_fifo_gen/gconvfifo.rf/grf.rf/gntv_or_sync_fifo.gcx.clkx/rd_pntr_cdc_inst/dest_graysync_ff_reg[0][6]/D
  -------------------------------------------------------------------    -------------------

                         (clock clk_out1_jtag_spi_ila_clk_wiz_0 rise edge)
                                                      0.000     0.000 r  
    E3                   IBUF                         0.000     0.000 r  sys_clock_IBUF_inst/O
                         net (fo=2, routed)           1.162     1.162    jtag_spi_ila_i/clk_wiz/inst/clk_in1
    MMCME2_ADV_X1Y2      MMCME2_ADV (Prop_mmcme2_adv_CLKIN1_CLKOUT0)
                                                     -7.324    -6.162 r  jtag_spi_ila_i/clk_wiz/inst/mmcm_adv_inst/CLKOUT0
                         net (fo=1, routed)           1.639    -4.523    jtag_spi_ila_i/clk_wiz/inst/clk_out1_jtag_spi_ila_clk_wiz_0
    BUFGCTRL_X0Y16       BUFG (Prop_bufg_I_O)         0.091    -4.432 r  jtag_spi_ila_i/clk_wiz/inst/clkout1_buf/O
                         net (fo=3352, routed)        1.512    -2.919    jtag_spi_ila_i/jtag_axi_0/inst/jtag_axi_engine_u/rx_fifo_i/inst_fifo_gen/gconvfifo.rf/grf.rf/gntv_or_sync_fifo.gcx.clkx/rd_pntr_cdc_inst/dest_clk
    SLICE_X31Y82         FDRE                                         r  jtag_spi_ila_i/jtag_axi_0/inst/jtag_axi_engine_u/rx_fifo_i/inst_fifo_gen/gconvfifo.rf/grf.rf/gntv_or_sync_fifo.gcx.clkx/rd_pntr_cdc_inst/dest_graysync_ff_reg[0][6]/C
                         clock pessimism              0.506    -2.413    
    SLICE_X31Y82         FDRE (Setup_fdre_C_D)       -0.093    -2.506    jtag_spi_ila_i/jtag_axi_0/inst/jtag_axi_engine_u/rx_fifo_i/inst_fifo_gen/gconvfifo.rf/grf.rf/gntv_or_sync_fifo.gcx.clkx/rd_pntr_cdc_inst/dest_graysync_ff_reg[0][6]
  -------------------------------------------------------------------
                         data arrival                          -1.125    
                         clock arrival                         -2.506    
  -------------------------------------------------------------------
                         relative delay                         1.381    

Reference path:
    Location             Delay type                Incr(ns)  Path(ns)    Netlist Resource(s)
  -------------------------------------------------------------------    -------------------
                         (clock clk_out1_jtag_spi_ila_clk_wiz_0 rise edge)
                                                      0.000     0.000 r  
    E3                   IBUF                         0.000     0.000 r  sys_clock_IBUF_inst/O
                         net (fo=2, routed)           1.162     1.162    jtag_spi_ila_i/clk_wiz/inst/clk_in1
    MMCME2_ADV_X1Y2      MMCME2_ADV (Prop_mmcme2_adv_CLKIN1_CLKOUT0)
                                                     -7.324    -6.162 r  jtag_spi_ila_i/clk_wiz/inst/mmcm_adv_inst/CLKOUT0
                         net (fo=1, routed)           1.639    -4.523    jtag_spi_ila_i/clk_wiz/inst/clk_out1_jtag_spi_ila_clk_wiz_0
    BUFGCTRL_X0Y16       BUFG (Prop_bufg_I_O)         0.091    -4.432 r  jtag_spi_ila_i/clk_wiz/inst/clkout1_buf/O
                         net (fo=3352, routed)        1.515    -2.916    jtag_spi_ila_i/jtag_axi_0/inst/jtag_axi_engine_u/rx_fifo_i/inst_fifo_gen/gconvfifo.rf/grf.rf/gntv_or_sync_fifo.gcx.clkx/rd_pntr_cdc_inst/src_clk
    SLICE_X28Y84         FDRE                                         r  jtag_spi_ila_i/jtag_axi_0/inst/jtag_axi_engine_u/rx_fifo_i/inst_fifo_gen/gconvfifo.rf/grf.rf/gntv_or_sync_fifo.gcx.clkx/rd_pntr_cdc_inst/src_gray_ff_reg[0]/C
  -------------------------------------------------------------------    -------------------
    SLICE_X28Y84         FDRE (Prop_fdre_C_Q)         0.367    -2.549 r  jtag_spi_ila_i/jtag_axi_0/inst/jtag_axi_engine_u/rx_fifo_i/inst_fifo_gen/gconvfifo.rf/grf.rf/gntv_or_sync_fifo.gcx.clkx/rd_pntr_cdc_inst/src_gray_ff_reg[0]/Q
                         net (fo=1, routed)           0.376    -2.174    jtag_spi_ila_i/jtag_axi_0/inst/jtag_axi_engine_u/rx_fifo_i/inst_fifo_gen/gconvfifo.rf/grf.rf/gntv_or_sync_fifo.gcx.clkx/rd_pntr_cdc_inst/async_path[0]
    SLICE_X28Y81         FDRE                                         r  jtag_spi_ila_i/jtag_axi_0/inst/jtag_axi_engine_u/rx_fifo_i/inst_fifo_gen/gconvfifo.rf/grf.rf/gntv_or_sync_fifo.gcx.clkx/rd_pntr_cdc_inst/dest_graysync_ff_reg[0][0]/D
  -------------------------------------------------------------------    -------------------

                         (clock clk_out1_jtag_spi_ila_clk_wiz_0 rise edge)
                                                      0.000     0.000 r  
    E3                   IBUF                         0.000     0.000 r  sys_clock_IBUF_inst/O
                         net (fo=2, routed)           1.233     1.233    jtag_spi_ila_i/clk_wiz/inst/clk_in1
    MMCME2_ADV_X1Y2      MMCME2_ADV (Prop_mmcme2_adv_CLKIN1_CLKOUT0)
                                                     -7.070    -5.837 r  jtag_spi_ila_i/clk_wiz/inst/mmcm_adv_inst/CLKOUT0
                         net (fo=1, routed)           1.719    -4.118    jtag_spi_ila_i/clk_wiz/inst/clk_out1_jtag_spi_ila_clk_wiz_0
    BUFGCTRL_X0Y16       BUFG (Prop_bufg_I_O)         0.096    -4.022 r  jtag_spi_ila_i/clk_wiz/inst/clkout1_buf/O
                         net (fo=3352, routed)        1.631    -2.390    jtag_spi_ila_i/jtag_axi_0/inst/jtag_axi_engine_u/rx_fifo_i/inst_fifo_gen/gconvfifo.rf/grf.rf/gntv_or_sync_fifo.gcx.clkx/rd_pntr_cdc_inst/dest_clk
    SLICE_X28Y81         FDRE                                         r  jtag_spi_ila_i/jtag_axi_0/inst/jtag_axi_engine_u/rx_fifo_i/inst_fifo_gen/gconvfifo.rf/grf.rf/gntv_or_sync_fifo.gcx.clkx/rd_pntr_cdc_inst/dest_graysync_ff_reg[0][0]/C
                         clock pessimism             -0.506    -2.896    
    SLICE_X28Y81         FDRE (Hold_fdre_C_D)         0.169    -2.727    jtag_spi_ila_i/jtag_axi_0/inst/jtag_axi_engine_u/rx_fifo_i/inst_fifo_gen/gconvfifo.rf/grf.rf/gntv_or_sync_fifo.gcx.clkx/rd_pntr_cdc_inst/dest_graysync_ff_reg[0][0]
  -------------------------------------------------------------------
                         data arrival                          -2.174    
                         clock arrival                         -2.727    
  -------------------------------------------------------------------
                         relative delay                         0.554    



Id: 2
set_bus_skew -from [get_cells [list {jtag_spi_ila_i/jtag_axi_0/inst/jtag_axi_engine_u/tx_fifo_i/inst_fifo_gen/gconvfifo.rf/grf.rf/gntv_or_sync_fifo.gcx.clkx/wr_pntr_cdc_inst/src_gray_ff_reg[0]} {jtag_spi_ila_i/jtag_axi_0/inst/jtag_axi_engine_u/tx_fifo_i/inst_fifo_gen/gconvfifo.rf/grf.rf/gntv_or_sync_fifo.gcx.clkx/wr_pntr_cdc_inst/src_gray_ff_reg[1]} {jtag_spi_ila_i/jtag_axi_0/inst/jtag_axi_engine_u/tx_fifo_i/inst_fifo_gen/gconvfifo.rf/grf.rf/gntv_or_sync_fifo.gcx.clkx/wr_pntr_cdc_inst/src_gray_ff_reg[2]} {jtag_spi_ila_i/jtag_axi_0/inst/jtag_axi_engine_u/tx_fifo_i/inst_fifo_gen/gconvfifo.rf/grf.rf/gntv_or_sync_fifo.gcx.clkx/wr_pntr_cdc_inst/src_gray_ff_reg[3]} {jtag_spi_ila_i/jtag_axi_0/inst/jtag_axi_engine_u/tx_fifo_i/inst_fifo_gen/gconvfifo.rf/grf.rf/gntv_or_sync_fifo.gcx.clkx/wr_pntr_cdc_inst/src_gray_ff_reg[4]} {jtag_spi_ila_i/jtag_axi_0/inst/jtag_axi_engine_u/tx_fifo_i/inst_fifo_gen/gconvfifo.rf/grf.rf/gntv_or_sync_fifo.gcx.clkx/wr_pntr_cdc_inst/src_gray_ff_reg[5]} {jtag_spi_ila_i/jtag_axi_0/inst/jtag_axi_engine_u/tx_fifo_i/inst_fifo_gen/gconvfifo.rf/grf.rf/gntv_or_sync_fifo.gcx.clkx/wr_pntr_cdc_inst/src_gray_ff_reg[6]} {jtag_spi_ila_i/jtag_axi_0/inst/jtag_axi_engine_u/tx_fifo_i/inst_fifo_gen/gconvfifo.rf/grf.rf/gntv_or_sync_fifo.gcx.clkx/wr_pntr_cdc_inst/src_gray_ff_reg[7]}]] -to [get_cells [list {jtag_spi_ila_i/jtag_axi_0/inst/jtag_axi_engine_u/tx_fifo_i/inst_fifo_gen/gconvfifo.rf/grf.rf/gntv_or_sync_fifo.gcx.clkx/wr_pntr_cdc_inst/dest_graysync_ff_reg[0][0]} {jtag_spi_ila_i/jtag_axi_0/inst/jtag_axi_engine_u/tx_fifo_i/inst_fifo_gen/gconvfifo.rf/grf.rf/gntv_or_sync_fifo.gcx.clkx/wr_pntr_cdc_inst/dest_graysync_ff_reg[0][1]} {jtag_spi_ila_i/jtag_axi_0/inst/jtag_axi_engine_u/tx_fifo_i/inst_fifo_gen/gconvfifo.rf/grf.rf/gntv_or_sync_fifo.gcx.clkx/wr_pntr_cdc_inst/dest_graysync_ff_reg[0][2]} {jtag_spi_ila_i/jtag_axi_0/inst/jtag_axi_engine_u/tx_fifo_i/inst_fifo_gen/gconvfifo.rf/grf.rf/gntv_or_sync_fifo.gcx.clkx/wr_pntr_cdc_inst/dest_graysync_ff_reg[0][3]} {jtag_spi_ila_i/jtag_axi_0/inst/jtag_axi_engine_u/tx_fifo_i/inst_fifo_gen/gconvfifo.rf/grf.rf/gntv_or_sync_fifo.gcx.clkx/wr_pntr_cdc_inst/dest_graysync_ff_reg[0][4]} {jtag_spi_ila_i/jtag_axi_0/inst/jtag_axi_engine_u/tx_fifo_i/inst_fifo_gen/gconvfifo.rf/grf.rf/gntv_or_sync_fifo.gcx.clkx/wr_pntr_cdc_inst/dest_graysync_ff_reg[0][5]} {jtag_spi_ila_i/jtag_axi_0/inst/jtag_axi_engine_u/tx_fifo_i/inst_fifo_gen/gconvfifo.rf/grf.rf/gntv_or_sync_fifo.gcx.clkx/wr_pntr_cdc_inst/dest_graysync_ff_reg[0][6]} {jtag_spi_ila_i/jtag_axi_0/inst/jtag_axi_engine_u/tx_fifo_i/inst_fifo_gen/gconvfifo.rf/grf.rf/gntv_or_sync_fifo.gcx.clkx/wr_pntr_cdc_inst/dest_graysync_ff_reg[0][7]}]] 10.000
Requirement: 10.000ns
Endpoints: 8

From Clock            To Clock              Endpoint Pin                    Reference Pin                   Corner  Actual(ns)  Slack(ns)
--------------------  --------------------  ------------------------------  ------------------------------  ------  ----------  ---------
clk_out1_jtag_spi_ila_clk_wiz_0
                      clk_out1_jtag_spi_ila_clk_wiz_0
                                            jtag_spi_ila_i/jtag_axi_0/inst/jtag_axi_engine_u/tx_fifo_i/inst_fifo_gen/gconvfifo.rf/grf.rf/gntv_or_sync_fifo.gcx.clkx/wr_pntr_cdc_inst/dest_graysync_ff_reg[0][3]/D
                                                                            jtag_spi_ila_i/jtag_axi_0/inst/jtag_axi_engine_u/tx_fifo_i/inst_fifo_gen/gconvfifo.rf/grf.rf/gntv_or_sync_fifo.gcx.clkx/wr_pntr_cdc_inst/dest_graysync_ff_reg[0][2]/D
                                                                                                            Slow         0.736      9.264


Slack (MET) :             9.264ns  (requirement - actual skew)
  Endpoint Source:        jtag_spi_ila_i/jtag_axi_0/inst/jtag_axi_engine_u/tx_fifo_i/inst_fifo_gen/gconvfifo.rf/grf.rf/gntv_or_sync_fifo.gcx.clkx/wr_pntr_cdc_inst/src_gray_ff_reg[3]/C
                            (rising edge-triggered cell FDRE clocked by clk_out1_jtag_spi_ila_clk_wiz_0)
  Endpoint Destination:   jtag_spi_ila_i/jtag_axi_0/inst/jtag_axi_engine_u/tx_fifo_i/inst_fifo_gen/gconvfifo.rf/grf.rf/gntv_or_sync_fifo.gcx.clkx/wr_pntr_cdc_inst/dest_graysync_ff_reg[0][3]/D
                            (rising edge-triggered cell FDRE clocked by clk_out1_jtag_spi_ila_clk_wiz_0)
  Reference Source:       jtag_spi_ila_i/jtag_axi_0/inst/jtag_axi_engine_u/tx_fifo_i/inst_fifo_gen/gconvfifo.rf/grf.rf/gntv_or_sync_fifo.gcx.clkx/wr_pntr_cdc_inst/src_gray_ff_reg[2]/C
                            (rising edge-triggered cell FDRE clocked by clk_out1_jtag_spi_ila_clk_wiz_0)
  Reference Destination:  jtag_spi_ila_i/jtag_axi_0/inst/jtag_axi_engine_u/tx_fifo_i/inst_fifo_gen/gconvfifo.rf/grf.rf/gntv_or_sync_fifo.gcx.clkx/wr_pntr_cdc_inst/dest_graysync_ff_reg[0][2]/D
                            (rising edge-triggered cell FDRE clocked by clk_out1_jtag_spi_ila_clk_wiz_0)
  Path Type:              Bus Skew (Max at Slow Process Corner)
  Requirement:            10.000ns
  Endpoint Relative Delay:    1.417ns
  Reference Relative Delay:   0.681ns
  Relative CRPR:              0.000ns
  Actual Bus Skew:            0.736ns  (Endpoint Relative Delay - Reference Relative Delay - Relative CRPR)

Endpoint path:
    Location             Delay type                Incr(ns)  Path(ns)    Netlist Resource(s)
  -------------------------------------------------------------------    -------------------
                         (clock clk_out1_jtag_spi_ila_clk_wiz_0 rise edge)
                                                      0.000     0.000 r  
    E3                   IBUF                         0.000     0.000 r  sys_clock_IBUF_inst/O
                         net (fo=2, routed)           1.233     1.233    jtag_spi_ila_i/clk_wiz/inst/clk_in1
    MMCME2_ADV_X1Y2      MMCME2_ADV (Prop_mmcme2_adv_CLKIN1_CLKOUT0)
                                                     -7.070    -5.837 r  jtag_spi_ila_i/clk_wiz/inst/mmcm_adv_inst/CLKOUT0
                         net (fo=1, routed)           1.719    -4.118    jtag_spi_ila_i/clk_wiz/inst/clk_out1_jtag_spi_ila_clk_wiz_0
    BUFGCTRL_X0Y16       BUFG (Prop_bufg_I_O)         0.096    -4.022 r  jtag_spi_ila_i/clk_wiz/inst/clkout1_buf/O
                         net (fo=3352, routed)        1.639    -2.382    jtag_spi_ila_i/jtag_axi_0/inst/jtag_axi_engine_u/tx_fifo_i/inst_fifo_gen/gconvfifo.rf/grf.rf/gntv_or_sync_fifo.gcx.clkx/wr_pntr_cdc_inst/src_clk
    SLICE_X41Y96         FDRE                                         r  jtag_spi_ila_i/jtag_axi_0/inst/jtag_axi_engine_u/tx_fifo_i/inst_fifo_gen/gconvfifo.rf/grf.rf/gntv_or_sync_fifo.gcx.clkx/wr_pntr_cdc_inst/src_gray_ff_reg[3]/C
  -------------------------------------------------------------------    -------------------
    SLICE_X41Y96         FDRE (Prop_fdre_C_Q)         0.419    -1.963 r  jtag_spi_ila_i/jtag_axi_0/inst/jtag_axi_engine_u/tx_fifo_i/inst_fifo_gen/gconvfifo.rf/grf.rf/gntv_or_sync_fifo.gcx.clkx/wr_pntr_cdc_inst/src_gray_ff_reg[3]/Q
                         net (fo=1, routed)           0.732    -1.232    jtag_spi_ila_i/jtag_axi_0/inst/jtag_axi_engine_u/tx_fifo_i/inst_fifo_gen/gconvfifo.rf/grf.rf/gntv_or_sync_fifo.gcx.clkx/wr_pntr_cdc_inst/async_path[3]
    SLICE_X41Y96         FDRE                                         r  jtag_spi_ila_i/jtag_axi_0/inst/jtag_axi_engine_u/tx_fifo_i/inst_fifo_gen/gconvfifo.rf/grf.rf/gntv_or_sync_fifo.gcx.clkx/wr_pntr_cdc_inst/dest_graysync_ff_reg[0][3]/D
  -------------------------------------------------------------------    -------------------

                         (clock clk_out1_jtag_spi_ila_clk_wiz_0 rise edge)
                                                      0.000     0.000 r  
    E3                   IBUF                         0.000     0.000 r  sys_clock_IBUF_inst/O
                         net (fo=2, routed)           1.162     1.162    jtag_spi_ila_i/clk_wiz/inst/clk_in1
    MMCME2_ADV_X1Y2      MMCME2_ADV (Prop_mmcme2_adv_CLKIN1_CLKOUT0)
                                                     -7.324    -6.162 r  jtag_spi_ila_i/clk_wiz/inst/mmcm_adv_inst/CLKOUT0
                         net (fo=1, routed)           1.639    -4.523    jtag_spi_ila_i/clk_wiz/inst/clk_out1_jtag_spi_ila_clk_wiz_0
    BUFGCTRL_X0Y16       BUFG (Prop_bufg_I_O)         0.091    -4.432 r  jtag_spi_ila_i/clk_wiz/inst/clkout1_buf/O
                         net (fo=3352, routed)        1.518    -2.913    jtag_spi_ila_i/jtag_axi_0/inst/jtag_axi_engine_u/tx_fifo_i/inst_fifo_gen/gconvfifo.rf/grf.rf/gntv_or_sync_fifo.gcx.clkx/wr_pntr_cdc_inst/dest_clk
    SLICE_X41Y96         FDRE                                         r  jtag_spi_ila_i/jtag_axi_0/inst/jtag_axi_engine_u/tx_fifo_i/inst_fifo_gen/gconvfifo.rf/grf.rf/gntv_or_sync_fifo.gcx.clkx/wr_pntr_cdc_inst/dest_graysync_ff_reg[0][3]/C
                         clock pessimism              0.531    -2.382    
    SLICE_X41Y96         FDRE (Setup_fdre_C_D)       -0.266    -2.648    jtag_spi_ila_i/jtag_axi_0/inst/jtag_axi_engine_u/tx_fifo_i/inst_fifo_gen/gconvfifo.rf/grf.rf/gntv_or_sync_fifo.gcx.clkx/wr_pntr_cdc_inst/dest_graysync_ff_reg[0][3]
  -------------------------------------------------------------------
                         data arrival                          -1.232    
                         clock arrival                         -2.648    
  -------------------------------------------------------------------
                         relative delay                         1.417    

Reference path:
    Location             Delay type                Incr(ns)  Path(ns)    Netlist Resource(s)
  -------------------------------------------------------------------    -------------------
                         (clock clk_out1_jtag_spi_ila_clk_wiz_0 rise edge)
                                                      0.000     0.000 r  
    E3                   IBUF                         0.000     0.000 r  sys_clock_IBUF_inst/O
                         net (fo=2, routed)           1.162     1.162    jtag_spi_ila_i/clk_wiz/inst/clk_in1
    MMCME2_ADV_X1Y2      MMCME2_ADV (Prop_mmcme2_adv_CLKIN1_CLKOUT0)
                                                     -7.324    -6.162 r  jtag_spi_ila_i/clk_wiz/inst/mmcm_adv_inst/CLKOUT0
                         net (fo=1, routed)           1.639    -4.523    jtag_spi_ila_i/clk_wiz/inst/clk_out1_jtag_spi_ila_clk_wiz_0
    BUFGCTRL_X0Y16       BUFG (Prop_bufg_I_O)         0.091    -4.432 r  jtag_spi_ila_i/clk_wiz/inst/clkout1_buf/O
                         net (fo=3352, routed)        1.518    -2.913    jtag_spi_ila_i/jtag_axi_0/inst/jtag_axi_engine_u/tx_fifo_i/inst_fifo_gen/gconvfifo.rf/grf.rf/gntv_or_sync_fifo.gcx.clkx/wr_pntr_cdc_inst/src_clk
    SLICE_X41Y96         FDRE                                         r  jtag_spi_ila_i/jtag_axi_0/inst/jtag_axi_engine_u/tx_fifo_i/inst_fifo_gen/gconvfifo.rf/grf.rf/gntv_or_sync_fifo.gcx.clkx/wr_pntr_cdc_inst/src_gray_ff_reg[2]/C
  -------------------------------------------------------------------    -------------------
    SLICE_X41Y96         FDRE (Prop_fdre_C_Q)         0.367    -2.546 r  jtag_spi_ila_i/jtag_axi_0/inst/jtag_axi_engine_u/tx_fifo_i/inst_fifo_gen/gconvfifo.rf/grf.rf/gntv_or_sync_fifo.gcx.clkx/wr_pntr_cdc_inst/src_gray_ff_reg[2]/Q
                         net (fo=1, routed)           0.483    -2.063    jtag_spi_ila_i/jtag_axi_0/inst/jtag_axi_engine_u/tx_fifo_i/inst_fifo_gen/gconvfifo.rf/grf.rf/gntv_or_sync_fifo.gcx.clkx/wr_pntr_cdc_inst/async_path[2]
    SLICE_X41Y96         FDRE                                         r  jtag_spi_ila_i/jtag_axi_0/inst/jtag_axi_engine_u/tx_fifo_i/inst_fifo_gen/gconvfifo.rf/grf.rf/gntv_or_sync_fifo.gcx.clkx/wr_pntr_cdc_inst/dest_graysync_ff_reg[0][2]/D
  -------------------------------------------------------------------    -------------------

                         (clock clk_out1_jtag_spi_ila_clk_wiz_0 rise edge)
                                                      0.000     0.000 r  
    E3                   IBUF                         0.000     0.000 r  sys_clock_IBUF_inst/O
                         net (fo=2, routed)           1.233     1.233    jtag_spi_ila_i/clk_wiz/inst/clk_in1
    MMCME2_ADV_X1Y2      MMCME2_ADV (Prop_mmcme2_adv_CLKIN1_CLKOUT0)
                                                     -7.070    -5.837 r  jtag_spi_ila_i/clk_wiz/inst/mmcm_adv_inst/CLKOUT0
                         net (fo=1, routed)           1.719    -4.118    jtag_spi_ila_i/clk_wiz/inst/clk_out1_jtag_spi_ila_clk_wiz_0
    BUFGCTRL_X0Y16       BUFG (Prop_bufg_I_O)         0.096    -4.022 r  jtag_spi_ila_i/clk_wiz/inst/clkout1_buf/O
                         net (fo=3352, routed)        1.639    -2.382    jtag_spi_ila_i/jtag_axi_0/inst/jtag_axi_engine_u/tx_fifo_i/inst_fifo_gen/gconvfifo.rf/grf.rf/gntv_or_sync_fifo.gcx.clkx/wr_pntr_cdc_inst/dest_clk
    SLICE_X41Y96         FDRE                                         r  jtag_spi_ila_i/jtag_axi_0/inst/jtag_axi_engine_u/tx_fifo_i/inst_fifo_gen/gconvfifo.rf/grf.rf/gntv_or_sync_fifo.gcx.clkx/wr_pntr_cdc_inst/dest_graysync_ff_reg[0][2]/C
                         clock pessimism             -0.531    -2.913    
    SLICE_X41Y96         FDRE (Hold_fdre_C_D)         0.169    -2.744    jtag_spi_ila_i/jtag_axi_0/inst/jtag_axi_engine_u/tx_fifo_i/inst_fifo_gen/gconvfifo.rf/grf.rf/gntv_or_sync_fifo.gcx.clkx/wr_pntr_cdc_inst/dest_graysync_ff_reg[0][2]
  -------------------------------------------------------------------
                         data arrival                          -2.063    
                         clock arrival                         -2.744    
  -------------------------------------------------------------------
                         relative delay                         0.681    



Id: 3
set_bus_skew -from [get_cells [list {jtag_spi_ila_i/jtag_axi_0/inst/jtag_axi_engine_u/tx_fifo_i/inst_fifo_gen/gconvfifo.rf/grf.rf/gntv_or_sync_fifo.gcx.clkx/rd_pntr_cdc_inst/src_gray_ff_reg[0]} {jtag_spi_ila_i/jtag_axi_0/inst/jtag_axi_engine_u/tx_fifo_i/inst_fifo_gen/gconvfifo.rf/grf.rf/gntv_or_sync_fifo.gcx.clkx/rd_pntr_cdc_inst/src_gray_ff_reg[1]} {jtag_spi_ila_i/jtag_axi_0/inst/jtag_axi_engine_u/tx_fifo_i/inst_fifo_gen/gconvfifo.rf/grf.rf/gntv_or_sync_fifo.gcx.clkx/rd_pntr_cdc_inst/src_gray_ff_reg[2]} {jtag_spi_ila_i/jtag_axi_0/inst/jtag_axi_engine_u/tx_fifo_i/inst_fifo_gen/gconvfifo.rf/grf.rf/gntv_or_sync_fifo.gcx.clkx/rd_pntr_cdc_inst/src_gray_ff_reg[3]} {jtag_spi_ila_i/jtag_axi_0/inst/jtag_axi_engine_u/tx_fifo_i/inst_fifo_gen/gconvfifo.rf/grf.rf/gntv_or_sync_fifo.gcx.clkx/rd_pntr_cdc_inst/src_gray_ff_reg[4]} {jtag_spi_ila_i/jtag_axi_0/inst/jtag_axi_engine_u/tx_fifo_i/inst_fifo_gen/gconvfifo.rf/grf.rf/gntv_or_sync_fifo.gcx.clkx/rd_pntr_cdc_inst/src_gray_ff_reg[5]} {jtag_spi_ila_i/jtag_axi_0/inst/jtag_axi_engine_u/tx_fifo_i/inst_fifo_gen/gconvfifo.rf/grf.rf/gntv_or_sync_fifo.gcx.clkx/rd_pntr_cdc_inst/src_gray_ff_reg[6]} {jtag_spi_ila_i/jtag_axi_0/inst/jtag_axi_engine_u/tx_fifo_i/inst_fifo_gen/gconvfifo.rf/grf.rf/gntv_or_sync_fifo.gcx.clkx/rd_pntr_cdc_inst/src_gray_ff_reg[7]}]] -to [get_cells [list {jtag_spi_ila_i/jtag_axi_0/inst/jtag_axi_engine_u/tx_fifo_i/inst_fifo_gen/gconvfifo.rf/grf.rf/gntv_or_sync_fifo.gcx.clkx/rd_pntr_cdc_inst/dest_graysync_ff_reg[0][0]} {jtag_spi_ila_i/jtag_axi_0/inst/jtag_axi_engine_u/tx_fifo_i/inst_fifo_gen/gconvfifo.rf/grf.rf/gntv_or_sync_fifo.gcx.clkx/rd_pntr_cdc_inst/dest_graysync_ff_reg[0][1]} {jtag_spi_ila_i/jtag_axi_0/inst/jtag_axi_engine_u/tx_fifo_i/inst_fifo_gen/gconvfifo.rf/grf.rf/gntv_or_sync_fifo.gcx.clkx/rd_pntr_cdc_inst/dest_graysync_ff_reg[0][2]} {jtag_spi_ila_i/jtag_axi_0/inst/jtag_axi_engine_u/tx_fifo_i/inst_fifo_gen/gconvfifo.rf/grf.rf/gntv_or_sync_fifo.gcx.clkx/rd_pntr_cdc_inst/dest_graysync_ff_reg[0][3]} {jtag_spi_ila_i/jtag_axi_0/inst/jtag_axi_engine_u/tx_fifo_i/inst_fifo_gen/gconvfifo.rf/grf.rf/gntv_or_sync_fifo.gcx.clkx/rd_pntr_cdc_inst/dest_graysync_ff_reg[0][4]} {jtag_spi_ila_i/jtag_axi_0/inst/jtag_axi_engine_u/tx_fifo_i/inst_fifo_gen/gconvfifo.rf/grf.rf/gntv_or_sync_fifo.gcx.clkx/rd_pntr_cdc_inst/dest_graysync_ff_reg[0][5]} {jtag_spi_ila_i/jtag_axi_0/inst/jtag_axi_engine_u/tx_fifo_i/inst_fifo_gen/gconvfifo.rf/grf.rf/gntv_or_sync_fifo.gcx.clkx/rd_pntr_cdc_inst/dest_graysync_ff_reg[0][6]} {jtag_spi_ila_i/jtag_axi_0/inst/jtag_axi_engine_u/tx_fifo_i/inst_fifo_gen/gconvfifo.rf/grf.rf/gntv_or_sync_fifo.gcx.clkx/rd_pntr_cdc_inst/dest_graysync_ff_reg[0][7]}]] 10.000
Requirement: 10.000ns
Endpoints: 8

From Clock            To Clock              Endpoint Pin                    Reference Pin                   Corner  Actual(ns)  Slack(ns)
--------------------  --------------------  ------------------------------  ------------------------------  ------  ----------  ---------
clk_out1_jtag_spi_ila_clk_wiz_0
                      clk_out1_jtag_spi_ila_clk_wiz_0
                                            jtag_spi_ila_i/jtag_axi_0/inst/jtag_axi_engine_u/tx_fifo_i/inst_fifo_gen/gconvfifo.rf/grf.rf/gntv_or_sync_fifo.gcx.clkx/rd_pntr_cdc_inst/dest_graysync_ff_reg[0][1]/D
                                                                            jtag_spi_ila_i/jtag_axi_0/inst/jtag_axi_engine_u/tx_fifo_i/inst_fifo_gen/gconvfifo.rf/grf.rf/gntv_or_sync_fifo.gcx.clkx/rd_pntr_cdc_inst/dest_graysync_ff_reg[0][2]/D
                                                                                                            Slow         0.708      9.292


Slack (MET) :             9.292ns  (requirement - actual skew)
  Endpoint Source:        jtag_spi_ila_i/jtag_axi_0/inst/jtag_axi_engine_u/tx_fifo_i/inst_fifo_gen/gconvfifo.rf/grf.rf/gntv_or_sync_fifo.gcx.clkx/rd_pntr_cdc_inst/src_gray_ff_reg[1]/C
                            (rising edge-triggered cell FDRE clocked by clk_out1_jtag_spi_ila_clk_wiz_0)
  Endpoint Destination:   jtag_spi_ila_i/jtag_axi_0/inst/jtag_axi_engine_u/tx_fifo_i/inst_fifo_gen/gconvfifo.rf/grf.rf/gntv_or_sync_fifo.gcx.clkx/rd_pntr_cdc_inst/dest_graysync_ff_reg[0][1]/D
                            (rising edge-triggered cell FDRE clocked by clk_out1_jtag_spi_ila_clk_wiz_0)
  Reference Source:       jtag_spi_ila_i/jtag_axi_0/inst/jtag_axi_engine_u/tx_fifo_i/inst_fifo_gen/gconvfifo.rf/grf.rf/gntv_or_sync_fifo.gcx.clkx/rd_pntr_cdc_inst/src_gray_ff_reg[2]/C
                            (rising edge-triggered cell FDRE clocked by clk_out1_jtag_spi_ila_clk_wiz_0)
  Reference Destination:  jtag_spi_ila_i/jtag_axi_0/inst/jtag_axi_engine_u/tx_fifo_i/inst_fifo_gen/gconvfifo.rf/grf.rf/gntv_or_sync_fifo.gcx.clkx/rd_pntr_cdc_inst/dest_graysync_ff_reg[0][2]/D
                            (rising edge-triggered cell FDRE clocked by clk_out1_jtag_spi_ila_clk_wiz_0)
  Path Type:              Bus Skew (Max at Slow Process Corner)
  Requirement:            10.000ns
  Endpoint Relative Delay:    1.389ns
  Reference Relative Delay:   0.681ns
  Relative CRPR:              0.000ns
  Actual Bus Skew:            0.708ns  (Endpoint Relative Delay - Reference Relative Delay - Relative CRPR)

Endpoint path:
    Location             Delay type                Incr(ns)  Path(ns)    Netlist Resource(s)
  -------------------------------------------------------------------    -------------------
                         (clock clk_out1_jtag_spi_ila_clk_wiz_0 rise edge)
                                                      0.000     0.000 r  
    E3                   IBUF                         0.000     0.000 r  sys_clock_IBUF_inst/O
                         net (fo=2, routed)           1.233     1.233    jtag_spi_ila_i/clk_wiz/inst/clk_in1
    MMCME2_ADV_X1Y2      MMCME2_ADV (Prop_mmcme2_adv_CLKIN1_CLKOUT0)
                                                     -7.070    -5.837 r  jtag_spi_ila_i/clk_wiz/inst/mmcm_adv_inst/CLKOUT0
                         net (fo=1, routed)           1.719    -4.118    jtag_spi_ila_i/clk_wiz/inst/clk_out1_jtag_spi_ila_clk_wiz_0
    BUFGCTRL_X0Y16       BUFG (Prop_bufg_I_O)         0.096    -4.022 r  jtag_spi_ila_i/clk_wiz/inst/clkout1_buf/O
                         net (fo=3352, routed)        1.633    -2.388    jtag_spi_ila_i/jtag_axi_0/inst/jtag_axi_engine_u/tx_fifo_i/inst_fifo_gen/gconvfifo.rf/grf.rf/gntv_or_sync_fifo.gcx.clkx/rd_pntr_cdc_inst/src_clk
    SLICE_X47Y92         FDRE                                         r  jtag_spi_ila_i/jtag_axi_0/inst/jtag_axi_engine_u/tx_fifo_i/inst_fifo_gen/gconvfifo.rf/grf.rf/gntv_or_sync_fifo.gcx.clkx/rd_pntr_cdc_inst/src_gray_ff_reg[1]/C
  -------------------------------------------------------------------    -------------------
    SLICE_X47Y92         FDRE (Prop_fdre_C_Q)         0.419    -1.969 r  jtag_spi_ila_i/jtag_axi_0/inst/jtag_axi_engine_u/tx_fifo_i/inst_fifo_gen/gconvfifo.rf/grf.rf/gntv_or_sync_fifo.gcx.clkx/rd_pntr_cdc_inst/src_gray_ff_reg[1]/Q
                         net (fo=1, routed)           0.704    -1.265    jtag_spi_ila_i/jtag_axi_0/inst/jtag_axi_engine_u/tx_fifo_i/inst_fifo_gen/gconvfifo.rf/grf.rf/gntv_or_sync_fifo.gcx.clkx/rd_pntr_cdc_inst/async_path[1]
    SLICE_X47Y92         FDRE                                         r  jtag_spi_ila_i/jtag_axi_0/inst/jtag_axi_engine_u/tx_fifo_i/inst_fifo_gen/gconvfifo.rf/grf.rf/gntv_or_sync_fifo.gcx.clkx/rd_pntr_cdc_inst/dest_graysync_ff_reg[0][1]/D
  -------------------------------------------------------------------    -------------------

                         (clock clk_out1_jtag_spi_ila_clk_wiz_0 rise edge)
                                                      0.000     0.000 r  
    E3                   IBUF                         0.000     0.000 r  sys_clock_IBUF_inst/O
                         net (fo=2, routed)           1.162     1.162    jtag_spi_ila_i/clk_wiz/inst/clk_in1
    MMCME2_ADV_X1Y2      MMCME2_ADV (Prop_mmcme2_adv_CLKIN1_CLKOUT0)
                                                     -7.324    -6.162 r  jtag_spi_ila_i/clk_wiz/inst/mmcm_adv_inst/CLKOUT0
                         net (fo=1, routed)           1.639    -4.523    jtag_spi_ila_i/clk_wiz/inst/clk_out1_jtag_spi_ila_clk_wiz_0
    BUFGCTRL_X0Y16       BUFG (Prop_bufg_I_O)         0.091    -4.432 r  jtag_spi_ila_i/clk_wiz/inst/clkout1_buf/O
                         net (fo=3352, routed)        1.512    -2.919    jtag_spi_ila_i/jtag_axi_0/inst/jtag_axi_engine_u/tx_fifo_i/inst_fifo_gen/gconvfifo.rf/grf.rf/gntv_or_sync_fifo.gcx.clkx/rd_pntr_cdc_inst/dest_clk
    SLICE_X47Y92         FDRE                                         r  jtag_spi_ila_i/jtag_axi_0/inst/jtag_axi_engine_u/tx_fifo_i/inst_fifo_gen/gconvfifo.rf/grf.rf/gntv_or_sync_fifo.gcx.clkx/rd_pntr_cdc_inst/dest_graysync_ff_reg[0][1]/C
                         clock pessimism              0.531    -2.388    
    SLICE_X47Y92         FDRE (Setup_fdre_C_D)       -0.266    -2.654    jtag_spi_ila_i/jtag_axi_0/inst/jtag_axi_engine_u/tx_fifo_i/inst_fifo_gen/gconvfifo.rf/grf.rf/gntv_or_sync_fifo.gcx.clkx/rd_pntr_cdc_inst/dest_graysync_ff_reg[0][1]
  -------------------------------------------------------------------
                         data arrival                          -1.265    
                         clock arrival                         -2.654    
  -------------------------------------------------------------------
                         relative delay                         1.389    

Reference path:
    Location             Delay type                Incr(ns)  Path(ns)    Netlist Resource(s)
  -------------------------------------------------------------------    -------------------
                         (clock clk_out1_jtag_spi_ila_clk_wiz_0 rise edge)
                                                      0.000     0.000 r  
    E3                   IBUF                         0.000     0.000 r  sys_clock_IBUF_inst/O
                         net (fo=2, routed)           1.162     1.162    jtag_spi_ila_i/clk_wiz/inst/clk_in1
    MMCME2_ADV_X1Y2      MMCME2_ADV (Prop_mmcme2_adv_CLKIN1_CLKOUT0)
                                                     -7.324    -6.162 r  jtag_spi_ila_i/clk_wiz/inst/mmcm_adv_inst/CLKOUT0
                         net (fo=1, routed)           1.639    -4.523    jtag_spi_ila_i/clk_wiz/inst/clk_out1_jtag_spi_ila_clk_wiz_0
    BUFGCTRL_X0Y16       BUFG (Prop_bufg_I_O)         0.091    -4.432 r  jtag_spi_ila_i/clk_wiz/inst/clkout1_buf/O
                         net (fo=3352, routed)        1.515    -2.916    jtag_spi_ila_i/jtag_axi_0/inst/jtag_axi_engine_u/tx_fifo_i/inst_fifo_gen/gconvfifo.rf/grf.rf/gntv_or_sync_fifo.gcx.clkx/rd_pntr_cdc_inst/src_clk
    SLICE_X45Y94         FDRE                                         r  jtag_spi_ila_i/jtag_axi_0/inst/jtag_axi_engine_u/tx_fifo_i/inst_fifo_gen/gconvfifo.rf/grf.rf/gntv_or_sync_fifo.gcx.clkx/rd_pntr_cdc_inst/src_gray_ff_reg[2]/C
  -------------------------------------------------------------------    -------------------
    SLICE_X45Y94         FDRE (Prop_fdre_C_Q)         0.367    -2.549 r  jtag_spi_ila_i/jtag_axi_0/inst/jtag_axi_engine_u/tx_fifo_i/inst_fifo_gen/gconvfifo.rf/grf.rf/gntv_or_sync_fifo.gcx.clkx/rd_pntr_cdc_inst/src_gray_ff_reg[2]/Q
                         net (fo=1, routed)           0.483    -2.066    jtag_spi_ila_i/jtag_axi_0/inst/jtag_axi_engine_u/tx_fifo_i/inst_fifo_gen/gconvfifo.rf/grf.rf/gntv_or_sync_fifo.gcx.clkx/rd_pntr_cdc_inst/async_path[2]
    SLICE_X45Y94         FDRE                                         r  jtag_spi_ila_i/jtag_axi_0/inst/jtag_axi_engine_u/tx_fifo_i/inst_fifo_gen/gconvfifo.rf/grf.rf/gntv_or_sync_fifo.gcx.clkx/rd_pntr_cdc_inst/dest_graysync_ff_reg[0][2]/D
  -------------------------------------------------------------------    -------------------

                         (clock clk_out1_jtag_spi_ila_clk_wiz_0 rise edge)
                                                      0.000     0.000 r  
    E3                   IBUF                         0.000     0.000 r  sys_clock_IBUF_inst/O
                         net (fo=2, routed)           1.233     1.233    jtag_spi_ila_i/clk_wiz/inst/clk_in1
    MMCME2_ADV_X1Y2      MMCME2_ADV (Prop_mmcme2_adv_CLKIN1_CLKOUT0)
                                                     -7.070    -5.837 r  jtag_spi_ila_i/clk_wiz/inst/mmcm_adv_inst/CLKOUT0
                         net (fo=1, routed)           1.719    -4.118    jtag_spi_ila_i/clk_wiz/inst/clk_out1_jtag_spi_ila_clk_wiz_0
    BUFGCTRL_X0Y16       BUFG (Prop_bufg_I_O)         0.096    -4.022 r  jtag_spi_ila_i/clk_wiz/inst/clkout1_buf/O
                         net (fo=3352, routed)        1.635    -2.386    jtag_spi_ila_i/jtag_axi_0/inst/jtag_axi_engine_u/tx_fifo_i/inst_fifo_gen/gconvfifo.rf/grf.rf/gntv_or_sync_fifo.gcx.clkx/rd_pntr_cdc_inst/dest_clk
    SLICE_X45Y94         FDRE                                         r  jtag_spi_ila_i/jtag_axi_0/inst/jtag_axi_engine_u/tx_fifo_i/inst_fifo_gen/gconvfifo.rf/grf.rf/gntv_or_sync_fifo.gcx.clkx/rd_pntr_cdc_inst/dest_graysync_ff_reg[0][2]/C
                         clock pessimism             -0.530    -2.916    
    SLICE_X45Y94         FDRE (Hold_fdre_C_D)         0.169    -2.747    jtag_spi_ila_i/jtag_axi_0/inst/jtag_axi_engine_u/tx_fifo_i/inst_fifo_gen/gconvfifo.rf/grf.rf/gntv_or_sync_fifo.gcx.clkx/rd_pntr_cdc_inst/dest_graysync_ff_reg[0][2]
  -------------------------------------------------------------------
                         data arrival                          -2.066    
                         clock arrival                         -2.747    
  -------------------------------------------------------------------
                         relative delay                         0.681    



Id: 4
set_bus_skew -from [get_cells [list {jtag_spi_ila_i/jtag_axi_0/inst/jtag_axi_engine_u/rx_fifo_i/inst_fifo_gen/gconvfifo.rf/grf.rf/gntv_or_sync_fifo.gcx.clkx/wr_pntr_cdc_inst/src_gray_ff_reg[0]} {jtag_spi_ila_i/jtag_axi_0/inst/jtag_axi_engine_u/rx_fifo_i/inst_fifo_gen/gconvfifo.rf/grf.rf/gntv_or_sync_fifo.gcx.clkx/wr_pntr_cdc_inst/src_gray_ff_reg[1]} {jtag_spi_ila_i/jtag_axi_0/inst/jtag_axi_engine_u/rx_fifo_i/inst_fifo_gen/gconvfifo.rf/grf.rf/gntv_or_sync_fifo.gcx.clkx/wr_pntr_cdc_inst/src_gray_ff_reg[2]} {jtag_spi_ila_i/jtag_axi_0/inst/jtag_axi_engine_u/rx_fifo_i/inst_fifo_gen/gconvfifo.rf/grf.rf/gntv_or_sync_fifo.gcx.clkx/wr_pntr_cdc_inst/src_gray_ff_reg[3]} {jtag_spi_ila_i/jtag_axi_0/inst/jtag_axi_engine_u/rx_fifo_i/inst_fifo_gen/gconvfifo.rf/grf.rf/gntv_or_sync_fifo.gcx.clkx/wr_pntr_cdc_inst/src_gray_ff_reg[4]} {jtag_spi_ila_i/jtag_axi_0/inst/jtag_axi_engine_u/rx_fifo_i/inst_fifo_gen/gconvfifo.rf/grf.rf/gntv_or_sync_fifo.gcx.clkx/wr_pntr_cdc_inst/src_gray_ff_reg[5]} {jtag_spi_ila_i/jtag_axi_0/inst/jtag_axi_engine_u/rx_fifo_i/inst_fifo_gen/gconvfifo.rf/grf.rf/gntv_or_sync_fifo.gcx.clkx/wr_pntr_cdc_inst/src_gray_ff_reg[6]} {jtag_spi_ila_i/jtag_axi_0/inst/jtag_axi_engine_u/rx_fifo_i/inst_fifo_gen/gconvfifo.rf/grf.rf/gntv_or_sync_fifo.gcx.clkx/wr_pntr_cdc_inst/src_gray_ff_reg[7]}]] -to [get_cells [list {jtag_spi_ila_i/jtag_axi_0/inst/jtag_axi_engine_u/rx_fifo_i/inst_fifo_gen/gconvfifo.rf/grf.rf/gntv_or_sync_fifo.gcx.clkx/wr_pntr_cdc_inst/dest_graysync_ff_reg[0][0]} {jtag_spi_ila_i/jtag_axi_0/inst/jtag_axi_engine_u/rx_fifo_i/inst_fifo_gen/gconvfifo.rf/grf.rf/gntv_or_sync_fifo.gcx.clkx/wr_pntr_cdc_inst/dest_graysync_ff_reg[0][1]} {jtag_spi_ila_i/jtag_axi_0/inst/jtag_axi_engine_u/rx_fifo_i/inst_fifo_gen/gconvfifo.rf/grf.rf/gntv_or_sync_fifo.gcx.clkx/wr_pntr_cdc_inst/dest_graysync_ff_reg[0][2]} {jtag_spi_ila_i/jtag_axi_0/inst/jtag_axi_engine_u/rx_fifo_i/inst_fifo_gen/gconvfifo.rf/grf.rf/gntv_or_sync_fifo.gcx.clkx/wr_pntr_cdc_inst/dest_graysync_ff_reg[0][3]} {jtag_spi_ila_i/jtag_axi_0/inst/jtag_axi_engine_u/rx_fifo_i/inst_fifo_gen/gconvfifo.rf/grf.rf/gntv_or_sync_fifo.gcx.clkx/wr_pntr_cdc_inst/dest_graysync_ff_reg[0][4]} {jtag_spi_ila_i/jtag_axi_0/inst/jtag_axi_engine_u/rx_fifo_i/inst_fifo_gen/gconvfifo.rf/grf.rf/gntv_or_sync_fifo.gcx.clkx/wr_pntr_cdc_inst/dest_graysync_ff_reg[0][5]} {jtag_spi_ila_i/jtag_axi_0/inst/jtag_axi_engine_u/rx_fifo_i/inst_fifo_gen/gconvfifo.rf/grf.rf/gntv_or_sync_fifo.gcx.clkx/wr_pntr_cdc_inst/dest_graysync_ff_reg[0][6]} {jtag_spi_ila_i/jtag_axi_0/inst/jtag_axi_engine_u/rx_fifo_i/inst_fifo_gen/gconvfifo.rf/grf.rf/gntv_or_sync_fifo.gcx.clkx/wr_pntr_cdc_inst/dest_graysync_ff_reg[0][7]}]] 10.000
Requirement: 10.000ns
Endpoints: 8

From Clock            To Clock              Endpoint Pin                    Reference Pin                   Corner  Actual(ns)  Slack(ns)
--------------------  --------------------  ------------------------------  ------------------------------  ------  ----------  ---------
clk_out1_jtag_spi_ila_clk_wiz_0
                      clk_out1_jtag_spi_ila_clk_wiz_0
                                            jtag_spi_ila_i/jtag_axi_0/inst/jtag_axi_engine_u/rx_fifo_i/inst_fifo_gen/gconvfifo.rf/grf.rf/gntv_or_sync_fifo.gcx.clkx/wr_pntr_cdc_inst/dest_graysync_ff_reg[0][3]/D
                                                                            jtag_spi_ila_i/jtag_axi_0/inst/jtag_axi_engine_u/rx_fifo_i/inst_fifo_gen/gconvfifo.rf/grf.rf/gntv_or_sync_fifo.gcx.clkx/wr_pntr_cdc_inst/dest_graysync_ff_reg[0][1]/D
                                                                                                            Slow         0.785      9.215


Slack (MET) :             9.215ns  (requirement - actual skew)
  Endpoint Source:        jtag_spi_ila_i/jtag_axi_0/inst/jtag_axi_engine_u/rx_fifo_i/inst_fifo_gen/gconvfifo.rf/grf.rf/gntv_or_sync_fifo.gcx.clkx/wr_pntr_cdc_inst/src_gray_ff_reg[3]/C
                            (rising edge-triggered cell FDRE clocked by clk_out1_jtag_spi_ila_clk_wiz_0)
  Endpoint Destination:   jtag_spi_ila_i/jtag_axi_0/inst/jtag_axi_engine_u/rx_fifo_i/inst_fifo_gen/gconvfifo.rf/grf.rf/gntv_or_sync_fifo.gcx.clkx/wr_pntr_cdc_inst/dest_graysync_ff_reg[0][3]/D
                            (rising edge-triggered cell FDRE clocked by clk_out1_jtag_spi_ila_clk_wiz_0)
  Reference Source:       jtag_spi_ila_i/jtag_axi_0/inst/jtag_axi_engine_u/rx_fifo_i/inst_fifo_gen/gconvfifo.rf/grf.rf/gntv_or_sync_fifo.gcx.clkx/wr_pntr_cdc_inst/src_gray_ff_reg[1]/C
                            (rising edge-triggered cell FDRE clocked by clk_out1_jtag_spi_ila_clk_wiz_0)
  Reference Destination:  jtag_spi_ila_i/jtag_axi_0/inst/jtag_axi_engine_u/rx_fifo_i/inst_fifo_gen/gconvfifo.rf/grf.rf/gntv_or_sync_fifo.gcx.clkx/wr_pntr_cdc_inst/dest_graysync_ff_reg[0][1]/D
                            (rising edge-triggered cell FDRE clocked by clk_out1_jtag_spi_ila_clk_wiz_0)
  Path Type:              Bus Skew (Max at Slow Process Corner)
  Requirement:            10.000ns
  Endpoint Relative Delay:    1.388ns
  Reference Relative Delay:   0.603ns
  Relative CRPR:              0.000ns
  Actual Bus Skew:            0.785ns  (Endpoint Relative Delay - Reference Relative Delay - Relative CRPR)

Endpoint path:
    Location             Delay type                Incr(ns)  Path(ns)    Netlist Resource(s)
  -------------------------------------------------------------------    -------------------
                         (clock clk_out1_jtag_spi_ila_clk_wiz_0 rise edge)
                                                      0.000     0.000 r  
    E3                   IBUF                         0.000     0.000 r  sys_clock_IBUF_inst/O
                         net (fo=2, routed)           1.233     1.233    jtag_spi_ila_i/clk_wiz/inst/clk_in1
    MMCME2_ADV_X1Y2      MMCME2_ADV (Prop_mmcme2_adv_CLKIN1_CLKOUT0)
                                                     -7.070    -5.837 r  jtag_spi_ila_i/clk_wiz/inst/mmcm_adv_inst/CLKOUT0
                         net (fo=1, routed)           1.719    -4.118    jtag_spi_ila_i/clk_wiz/inst/clk_out1_jtag_spi_ila_clk_wiz_0
    BUFGCTRL_X0Y16       BUFG (Prop_bufg_I_O)         0.096    -4.022 r  jtag_spi_ila_i/clk_wiz/inst/clkout1_buf/O
                         net (fo=3352, routed)        1.634    -2.387    jtag_spi_ila_i/jtag_axi_0/inst/jtag_axi_engine_u/rx_fifo_i/inst_fifo_gen/gconvfifo.rf/grf.rf/gntv_or_sync_fifo.gcx.clkx/wr_pntr_cdc_inst/src_clk
    SLICE_X29Y83         FDRE                                         r  jtag_spi_ila_i/jtag_axi_0/inst/jtag_axi_engine_u/rx_fifo_i/inst_fifo_gen/gconvfifo.rf/grf.rf/gntv_or_sync_fifo.gcx.clkx/wr_pntr_cdc_inst/src_gray_ff_reg[3]/C
  -------------------------------------------------------------------    -------------------
    SLICE_X29Y83         FDRE (Prop_fdre_C_Q)         0.419    -1.968 r  jtag_spi_ila_i/jtag_axi_0/inst/jtag_axi_engine_u/rx_fifo_i/inst_fifo_gen/gconvfifo.rf/grf.rf/gntv_or_sync_fifo.gcx.clkx/wr_pntr_cdc_inst/src_gray_ff_reg[3]/Q
                         net (fo=1, routed)           0.703    -1.265    jtag_spi_ila_i/jtag_axi_0/inst/jtag_axi_engine_u/rx_fifo_i/inst_fifo_gen/gconvfifo.rf/grf.rf/gntv_or_sync_fifo.gcx.clkx/wr_pntr_cdc_inst/async_path[3]
    SLICE_X29Y83         FDRE                                         r  jtag_spi_ila_i/jtag_axi_0/inst/jtag_axi_engine_u/rx_fifo_i/inst_fifo_gen/gconvfifo.rf/grf.rf/gntv_or_sync_fifo.gcx.clkx/wr_pntr_cdc_inst/dest_graysync_ff_reg[0][3]/D
  -------------------------------------------------------------------    -------------------

                         (clock clk_out1_jtag_spi_ila_clk_wiz_0 rise edge)
                                                      0.000     0.000 r  
    E3                   IBUF                         0.000     0.000 r  sys_clock_IBUF_inst/O
                         net (fo=2, routed)           1.162     1.162    jtag_spi_ila_i/clk_wiz/inst/clk_in1
    MMCME2_ADV_X1Y2      MMCME2_ADV (Prop_mmcme2_adv_CLKIN1_CLKOUT0)
                                                     -7.324    -6.162 r  jtag_spi_ila_i/clk_wiz/inst/mmcm_adv_inst/CLKOUT0
                         net (fo=1, routed)           1.639    -4.523    jtag_spi_ila_i/clk_wiz/inst/clk_out1_jtag_spi_ila_clk_wiz_0
    BUFGCTRL_X0Y16       BUFG (Prop_bufg_I_O)         0.091    -4.432 r  jtag_spi_ila_i/clk_wiz/inst/clkout1_buf/O
                         net (fo=3352, routed)        1.514    -2.917    jtag_spi_ila_i/jtag_axi_0/inst/jtag_axi_engine_u/rx_fifo_i/inst_fifo_gen/gconvfifo.rf/grf.rf/gntv_or_sync_fifo.gcx.clkx/wr_pntr_cdc_inst/dest_clk
    SLICE_X29Y83         FDRE                                         r  jtag_spi_ila_i/jtag_axi_0/inst/jtag_axi_engine_u/rx_fifo_i/inst_fifo_gen/gconvfifo.rf/grf.rf/gntv_or_sync_fifo.gcx.clkx/wr_pntr_cdc_inst/dest_graysync_ff_reg[0][3]/C
                         clock pessimism              0.530    -2.387    
    SLICE_X29Y83         FDRE (Setup_fdre_C_D)       -0.266    -2.653    jtag_spi_ila_i/jtag_axi_0/inst/jtag_axi_engine_u/rx_fifo_i/inst_fifo_gen/gconvfifo.rf/grf.rf/gntv_or_sync_fifo.gcx.clkx/wr_pntr_cdc_inst/dest_graysync_ff_reg[0][3]
  -------------------------------------------------------------------
                         data arrival                          -1.265    
                         clock arrival                         -2.653    
  -------------------------------------------------------------------
                         relative delay                         1.388    

Reference path:
    Location             Delay type                Incr(ns)  Path(ns)    Netlist Resource(s)
  -------------------------------------------------------------------    -------------------
                         (clock clk_out1_jtag_spi_ila_clk_wiz_0 rise edge)
                                                      0.000     0.000 r  
    E3                   IBUF                         0.000     0.000 r  sys_clock_IBUF_inst/O
                         net (fo=2, routed)           1.162     1.162    jtag_spi_ila_i/clk_wiz/inst/clk_in1
    MMCME2_ADV_X1Y2      MMCME2_ADV (Prop_mmcme2_adv_CLKIN1_CLKOUT0)
                                                     -7.324    -6.162 r  jtag_spi_ila_i/clk_wiz/inst/mmcm_adv_inst/CLKOUT0
                         net (fo=1, routed)           1.639    -4.523    jtag_spi_ila_i/clk_wiz/inst/clk_out1_jtag_spi_ila_clk_wiz_0
    BUFGCTRL_X0Y16       BUFG (Prop_bufg_I_O)         0.091    -4.432 r  jtag_spi_ila_i/clk_wiz/inst/clkout1_buf/O
                         net (fo=3352, routed)        1.515    -2.916    jtag_spi_ila_i/jtag_axi_0/inst/jtag_axi_engine_u/rx_fifo_i/inst_fifo_gen/gconvfifo.rf/grf.rf/gntv_or_sync_fifo.gcx.clkx/wr_pntr_cdc_inst/src_clk
    SLICE_X29Y84         FDRE                                         r  jtag_spi_ila_i/jtag_axi_0/inst/jtag_axi_engine_u/rx_fifo_i/inst_fifo_gen/gconvfifo.rf/grf.rf/gntv_or_sync_fifo.gcx.clkx/wr_pntr_cdc_inst/src_gray_ff_reg[1]/C
  -------------------------------------------------------------------    -------------------
    SLICE_X29Y84         FDRE (Prop_fdre_C_Q)         0.337    -2.579 r  jtag_spi_ila_i/jtag_axi_0/inst/jtag_axi_engine_u/rx_fifo_i/inst_fifo_gen/gconvfifo.rf/grf.rf/gntv_or_sync_fifo.gcx.clkx/wr_pntr_cdc_inst/src_gray_ff_reg[1]/Q
                         net (fo=1, routed)           0.398    -2.181    jtag_spi_ila_i/jtag_axi_0/inst/jtag_axi_engine_u/rx_fifo_i/inst_fifo_gen/gconvfifo.rf/grf.rf/gntv_or_sync_fifo.gcx.clkx/wr_pntr_cdc_inst/async_path[1]
    SLICE_X30Y84         FDRE                                         r  jtag_spi_ila_i/jtag_axi_0/inst/jtag_axi_engine_u/rx_fifo_i/inst_fifo_gen/gconvfifo.rf/grf.rf/gntv_or_sync_fifo.gcx.clkx/wr_pntr_cdc_inst/dest_graysync_ff_reg[0][1]/D
  -------------------------------------------------------------------    -------------------

                         (clock clk_out1_jtag_spi_ila_clk_wiz_0 rise edge)
                                                      0.000     0.000 r  
    E3                   IBUF                         0.000     0.000 r  sys_clock_IBUF_inst/O
                         net (fo=2, routed)           1.233     1.233    jtag_spi_ila_i/clk_wiz/inst/clk_in1
    MMCME2_ADV_X1Y2      MMCME2_ADV (Prop_mmcme2_adv_CLKIN1_CLKOUT0)
                                                     -7.070    -5.837 r  jtag_spi_ila_i/clk_wiz/inst/mmcm_adv_inst/CLKOUT0
                         net (fo=1, routed)           1.719    -4.118    jtag_spi_ila_i/clk_wiz/inst/clk_out1_jtag_spi_ila_clk_wiz_0
    BUFGCTRL_X0Y16       BUFG (Prop_bufg_I_O)         0.096    -4.022 r  jtag_spi_ila_i/clk_wiz/inst/clkout1_buf/O
                         net (fo=3352, routed)        1.634    -2.387    jtag_spi_ila_i/jtag_axi_0/inst/jtag_axi_engine_u/rx_fifo_i/inst_fifo_gen/gconvfifo.rf/grf.rf/gntv_or_sync_fifo.gcx.clkx/wr_pntr_cdc_inst/dest_clk
    SLICE_X30Y84         FDRE                                         r  jtag_spi_ila_i/jtag_axi_0/inst/jtag_axi_engine_u/rx_fifo_i/inst_fifo_gen/gconvfifo.rf/grf.rf/gntv_or_sync_fifo.gcx.clkx/wr_pntr_cdc_inst/dest_graysync_ff_reg[0][1]/C
                         clock pessimism             -0.489    -2.876    
    SLICE_X30Y84         FDRE (Hold_fdre_C_D)         0.092    -2.784    jtag_spi_ila_i/jtag_axi_0/inst/jtag_axi_engine_u/rx_fifo_i/inst_fifo_gen/gconvfifo.rf/grf.rf/gntv_or_sync_fifo.gcx.clkx/wr_pntr_cdc_inst/dest_graysync_ff_reg[0][1]
  -------------------------------------------------------------------
                         data arrival                          -2.181    
                         clock arrival                         -2.784    
  -------------------------------------------------------------------
                         relative delay                         0.603    



Id: 5
set_bus_skew -from [get_cells [list {jtag_spi_ila_i/jtag_axi_0/inst/jtag_axi_engine_u/rd_cmd_fifo_i/inst_fifo_gen/gconvfifo.rf/grf.rf/gntv_or_sync_fifo.gcx.clkx/rd_pntr_cdc_inst/src_gray_ff_reg[0]} {jtag_spi_ila_i/jtag_axi_0/inst/jtag_axi_engine_u/rd_cmd_fifo_i/inst_fifo_gen/gconvfifo.rf/grf.rf/gntv_or_sync_fifo.gcx.clkx/rd_pntr_cdc_inst/src_gray_ff_reg[1]} {jtag_spi_ila_i/jtag_axi_0/inst/jtag_axi_engine_u/rd_cmd_fifo_i/inst_fifo_gen/gconvfifo.rf/grf.rf/gntv_or_sync_fifo.gcx.clkx/rd_pntr_cdc_inst/src_gray_ff_reg[2]} {jtag_spi_ila_i/jtag_axi_0/inst/jtag_axi_engine_u/rd_cmd_fifo_i/inst_fifo_gen/gconvfifo.rf/grf.rf/gntv_or_sync_fifo.gcx.clkx/rd_pntr_cdc_inst/src_gray_ff_reg[3]}]] -to [get_cells [list {jtag_spi_ila_i/jtag_axi_0/inst/jtag_axi_engine_u/rd_cmd_fifo_i/inst_fifo_gen/gconvfifo.rf/grf.rf/gntv_or_sync_fifo.gcx.clkx/rd_pntr_cdc_inst/dest_graysync_ff_reg[0][0]} {jtag_spi_ila_i/jtag_axi_0/inst/jtag_axi_engine_u/rd_cmd_fifo_i/inst_fifo_gen/gconvfifo.rf/grf.rf/gntv_or_sync_fifo.gcx.clkx/rd_pntr_cdc_inst/dest_graysync_ff_reg[0][1]} {jtag_spi_ila_i/jtag_axi_0/inst/jtag_axi_engine_u/rd_cmd_fifo_i/inst_fifo_gen/gconvfifo.rf/grf.rf/gntv_or_sync_fifo.gcx.clkx/rd_pntr_cdc_inst/dest_graysync_ff_reg[0][2]} {jtag_spi_ila_i/jtag_axi_0/inst/jtag_axi_engine_u/rd_cmd_fifo_i/inst_fifo_gen/gconvfifo.rf/grf.rf/gntv_or_sync_fifo.gcx.clkx/rd_pntr_cdc_inst/dest_graysync_ff_reg[0][3]}]] 10.000
Requirement: 10.000ns
Endpoints: 4

From Clock            To Clock              Endpoint Pin                    Reference Pin                   Corner  Actual(ns)  Slack(ns)
--------------------  --------------------  ------------------------------  ------------------------------  ------  ----------  ---------
clk_out1_jtag_spi_ila_clk_wiz_0
                      clk_out1_jtag_spi_ila_clk_wiz_0
                                            jtag_spi_ila_i/jtag_axi_0/inst/jtag_axi_engine_u/rd_cmd_fifo_i/inst_fifo_gen/gconvfifo.rf/grf.rf/gntv_or_sync_fifo.gcx.clkx/rd_pntr_cdc_inst/dest_graysync_ff_reg[0][1]/D
                                                                            jtag_spi_ila_i/jtag_axi_0/inst/jtag_axi_engine_u/rd_cmd_fifo_i/inst_fifo_gen/gconvfifo.rf/grf.rf/gntv_or_sync_fifo.gcx.clkx/rd_pntr_cdc_inst/dest_graysync_ff_reg[0][3]/D
                                                                                                            Slow         0.808      9.192


Slack (MET) :             9.192ns  (requirement - actual skew)
  Endpoint Source:        jtag_spi_ila_i/jtag_axi_0/inst/jtag_axi_engine_u/rd_cmd_fifo_i/inst_fifo_gen/gconvfifo.rf/grf.rf/gntv_or_sync_fifo.gcx.clkx/rd_pntr_cdc_inst/src_gray_ff_reg[1]/C
                            (rising edge-triggered cell FDRE clocked by clk_out1_jtag_spi_ila_clk_wiz_0)
  Endpoint Destination:   jtag_spi_ila_i/jtag_axi_0/inst/jtag_axi_engine_u/rd_cmd_fifo_i/inst_fifo_gen/gconvfifo.rf/grf.rf/gntv_or_sync_fifo.gcx.clkx/rd_pntr_cdc_inst/dest_graysync_ff_reg[0][1]/D
                            (rising edge-triggered cell FDRE clocked by clk_out1_jtag_spi_ila_clk_wiz_0)
  Reference Source:       jtag_spi_ila_i/jtag_axi_0/inst/jtag_axi_engine_u/rd_cmd_fifo_i/inst_fifo_gen/gconvfifo.rf/grf.rf/gntv_or_sync_fifo.gcx.clkx/rd_pntr_cdc_inst/src_gray_ff_reg[3]/C
                            (rising edge-triggered cell FDRE clocked by clk_out1_jtag_spi_ila_clk_wiz_0)
  Reference Destination:  jtag_spi_ila_i/jtag_axi_0/inst/jtag_axi_engine_u/rd_cmd_fifo_i/inst_fifo_gen/gconvfifo.rf/grf.rf/gntv_or_sync_fifo.gcx.clkx/rd_pntr_cdc_inst/dest_graysync_ff_reg[0][3]/D
                            (rising edge-triggered cell FDRE clocked by clk_out1_jtag_spi_ila_clk_wiz_0)
  Path Type:              Bus Skew (Max at Slow Process Corner)
  Requirement:            10.000ns
  Endpoint Relative Delay:    1.439ns
  Reference Relative Delay:   0.632ns
  Relative CRPR:              0.000ns
  Actual Bus Skew:            0.808ns  (Endpoint Relative Delay - Reference Relative Delay - Relative CRPR)

Endpoint path:
    Location             Delay type                Incr(ns)  Path(ns)    Netlist Resource(s)
  -------------------------------------------------------------------    -------------------
                         (clock clk_out1_jtag_spi_ila_clk_wiz_0 rise edge)
                                                      0.000     0.000 r  
    E3                   IBUF                         0.000     0.000 r  sys_clock_IBUF_inst/O
                         net (fo=2, routed)           1.233     1.233    jtag_spi_ila_i/clk_wiz/inst/clk_in1
    MMCME2_ADV_X1Y2      MMCME2_ADV (Prop_mmcme2_adv_CLKIN1_CLKOUT0)
                                                     -7.070    -5.837 r  jtag_spi_ila_i/clk_wiz/inst/mmcm_adv_inst/CLKOUT0
                         net (fo=1, routed)           1.719    -4.118    jtag_spi_ila_i/clk_wiz/inst/clk_out1_jtag_spi_ila_clk_wiz_0
    BUFGCTRL_X0Y16       BUFG (Prop_bufg_I_O)         0.096    -4.022 r  jtag_spi_ila_i/clk_wiz/inst/clkout1_buf/O
                         net (fo=3352, routed)        1.621    -2.400    jtag_spi_ila_i/jtag_axi_0/inst/jtag_axi_engine_u/rd_cmd_fifo_i/inst_fifo_gen/gconvfifo.rf/grf.rf/gntv_or_sync_fifo.gcx.clkx/rd_pntr_cdc_inst/src_clk
    SLICE_X42Y71         FDRE                                         r  jtag_spi_ila_i/jtag_axi_0/inst/jtag_axi_engine_u/rd_cmd_fifo_i/inst_fifo_gen/gconvfifo.rf/grf.rf/gntv_or_sync_fifo.gcx.clkx/rd_pntr_cdc_inst/src_gray_ff_reg[1]/C
  -------------------------------------------------------------------    -------------------
    SLICE_X42Y71         FDRE (Prop_fdre_C_Q)         0.478    -1.922 r  jtag_spi_ila_i/jtag_axi_0/inst/jtag_axi_engine_u/rd_cmd_fifo_i/inst_fifo_gen/gconvfifo.rf/grf.rf/gntv_or_sync_fifo.gcx.clkx/rd_pntr_cdc_inst/src_gray_ff_reg[1]/Q
                         net (fo=1, routed)           0.746    -1.176    jtag_spi_ila_i/jtag_axi_0/inst/jtag_axi_engine_u/rd_cmd_fifo_i/inst_fifo_gen/gconvfifo.rf/grf.rf/gntv_or_sync_fifo.gcx.clkx/rd_pntr_cdc_inst/async_path[1]
    SLICE_X42Y71         FDRE                                         r  jtag_spi_ila_i/jtag_axi_0/inst/jtag_axi_engine_u/rd_cmd_fifo_i/inst_fifo_gen/gconvfifo.rf/grf.rf/gntv_or_sync_fifo.gcx.clkx/rd_pntr_cdc_inst/dest_graysync_ff_reg[0][1]/D
  -------------------------------------------------------------------    -------------------

                         (clock clk_out1_jtag_spi_ila_clk_wiz_0 rise edge)
                                                      0.000     0.000 r  
    E3                   IBUF                         0.000     0.000 r  sys_clock_IBUF_inst/O
                         net (fo=2, routed)           1.162     1.162    jtag_spi_ila_i/clk_wiz/inst/clk_in1
    MMCME2_ADV_X1Y2      MMCME2_ADV (Prop_mmcme2_adv_CLKIN1_CLKOUT0)
                                                     -7.324    -6.162 r  jtag_spi_ila_i/clk_wiz/inst/mmcm_adv_inst/CLKOUT0
                         net (fo=1, routed)           1.639    -4.523    jtag_spi_ila_i/clk_wiz/inst/clk_out1_jtag_spi_ila_clk_wiz_0
    BUFGCTRL_X0Y16       BUFG (Prop_bufg_I_O)         0.091    -4.432 r  jtag_spi_ila_i/clk_wiz/inst/clkout1_buf/O
                         net (fo=3352, routed)        1.503    -2.928    jtag_spi_ila_i/jtag_axi_0/inst/jtag_axi_engine_u/rd_cmd_fifo_i/inst_fifo_gen/gconvfifo.rf/grf.rf/gntv_or_sync_fifo.gcx.clkx/rd_pntr_cdc_inst/dest_clk
    SLICE_X42Y71         FDRE                                         r  jtag_spi_ila_i/jtag_axi_0/inst/jtag_axi_engine_u/rd_cmd_fifo_i/inst_fifo_gen/gconvfifo.rf/grf.rf/gntv_or_sync_fifo.gcx.clkx/rd_pntr_cdc_inst/dest_graysync_ff_reg[0][1]/C
                         clock pessimism              0.528    -2.400    
    SLICE_X42Y71         FDRE (Setup_fdre_C_D)       -0.215    -2.615    jtag_spi_ila_i/jtag_axi_0/inst/jtag_axi_engine_u/rd_cmd_fifo_i/inst_fifo_gen/gconvfifo.rf/grf.rf/gntv_or_sync_fifo.gcx.clkx/rd_pntr_cdc_inst/dest_graysync_ff_reg[0][1]
  -------------------------------------------------------------------
                         data arrival                          -1.176    
                         clock arrival                         -2.615    
  -------------------------------------------------------------------
                         relative delay                         1.439    

Reference path:
    Location             Delay type                Incr(ns)  Path(ns)    Netlist Resource(s)
  -------------------------------------------------------------------    -------------------
                         (clock clk_out1_jtag_spi_ila_clk_wiz_0 rise edge)
                                                      0.000     0.000 r  
    E3                   IBUF                         0.000     0.000 r  sys_clock_IBUF_inst/O
                         net (fo=2, routed)           1.162     1.162    jtag_spi_ila_i/clk_wiz/inst/clk_in1
    MMCME2_ADV_X1Y2      MMCME2_ADV (Prop_mmcme2_adv_CLKIN1_CLKOUT0)
                                                     -7.324    -6.162 r  jtag_spi_ila_i/clk_wiz/inst/mmcm_adv_inst/CLKOUT0
                         net (fo=1, routed)           1.639    -4.523    jtag_spi_ila_i/clk_wiz/inst/clk_out1_jtag_spi_ila_clk_wiz_0
    BUFGCTRL_X0Y16       BUFG (Prop_bufg_I_O)         0.091    -4.432 r  jtag_spi_ila_i/clk_wiz/inst/clkout1_buf/O
                         net (fo=3352, routed)        1.498    -2.933    jtag_spi_ila_i/jtag_axi_0/inst/jtag_axi_engine_u/rd_cmd_fifo_i/inst_fifo_gen/gconvfifo.rf/grf.rf/gntv_or_sync_fifo.gcx.clkx/rd_pntr_cdc_inst/src_clk
    SLICE_X43Y74         FDRE                                         r  jtag_spi_ila_i/jtag_axi_0/inst/jtag_axi_engine_u/rd_cmd_fifo_i/inst_fifo_gen/gconvfifo.rf/grf.rf/gntv_or_sync_fifo.gcx.clkx/rd_pntr_cdc_inst/src_gray_ff_reg[3]/C
  -------------------------------------------------------------------    -------------------
    SLICE_X43Y74         FDRE (Prop_fdre_C_Q)         0.367    -2.566 r  jtag_spi_ila_i/jtag_axi_0/inst/jtag_axi_engine_u/rd_cmd_fifo_i/inst_fifo_gen/gconvfifo.rf/grf.rf/gntv_or_sync_fifo.gcx.clkx/rd_pntr_cdc_inst/src_gray_ff_reg[3]/Q
                         net (fo=1, routed)           0.517    -2.049    jtag_spi_ila_i/jtag_axi_0/inst/jtag_axi_engine_u/rd_cmd_fifo_i/inst_fifo_gen/gconvfifo.rf/grf.rf/gntv_or_sync_fifo.gcx.clkx/rd_pntr_cdc_inst/async_path[3]
    SLICE_X42Y74         FDRE                                         r  jtag_spi_ila_i/jtag_axi_0/inst/jtag_axi_engine_u/rd_cmd_fifo_i/inst_fifo_gen/gconvfifo.rf/grf.rf/gntv_or_sync_fifo.gcx.clkx/rd_pntr_cdc_inst/dest_graysync_ff_reg[0][3]/D
  -------------------------------------------------------------------    -------------------

                         (clock clk_out1_jtag_spi_ila_clk_wiz_0 rise edge)
                                                      0.000     0.000 r  
    E3                   IBUF                         0.000     0.000 r  sys_clock_IBUF_inst/O
                         net (fo=2, routed)           1.233     1.233    jtag_spi_ila_i/clk_wiz/inst/clk_in1
    MMCME2_ADV_X1Y2      MMCME2_ADV (Prop_mmcme2_adv_CLKIN1_CLKOUT0)
                                                     -7.070    -5.837 r  jtag_spi_ila_i/clk_wiz/inst/mmcm_adv_inst/CLKOUT0
                         net (fo=1, routed)           1.719    -4.118    jtag_spi_ila_i/clk_wiz/inst/clk_out1_jtag_spi_ila_clk_wiz_0
    BUFGCTRL_X0Y16       BUFG (Prop_bufg_I_O)         0.096    -4.022 r  jtag_spi_ila_i/clk_wiz/inst/clkout1_buf/O
                         net (fo=3352, routed)        1.615    -2.406    jtag_spi_ila_i/jtag_axi_0/inst/jtag_axi_engine_u/rd_cmd_fifo_i/inst_fifo_gen/gconvfifo.rf/grf.rf/gntv_or_sync_fifo.gcx.clkx/rd_pntr_cdc_inst/dest_clk
    SLICE_X42Y74         FDRE                                         r  jtag_spi_ila_i/jtag_axi_0/inst/jtag_axi_engine_u/rd_cmd_fifo_i/inst_fifo_gen/gconvfifo.rf/grf.rf/gntv_or_sync_fifo.gcx.clkx/rd_pntr_cdc_inst/dest_graysync_ff_reg[0][3]/C
                         clock pessimism             -0.505    -2.911    
    SLICE_X42Y74         FDRE (Hold_fdre_C_D)         0.230    -2.681    jtag_spi_ila_i/jtag_axi_0/inst/jtag_axi_engine_u/rd_cmd_fifo_i/inst_fifo_gen/gconvfifo.rf/grf.rf/gntv_or_sync_fifo.gcx.clkx/rd_pntr_cdc_inst/dest_graysync_ff_reg[0][3]
  -------------------------------------------------------------------
                         data arrival                          -2.049    
                         clock arrival                         -2.681    
  -------------------------------------------------------------------
                         relative delay                         0.632    



Id: 6
set_bus_skew -from [get_cells [list {jtag_spi_ila_i/jtag_axi_0/inst/jtag_axi_engine_u/wr_cmd_fifo_i/inst_fifo_gen/gconvfifo.rf/grf.rf/gntv_or_sync_fifo.gcx.clkx/wr_pntr_cdc_inst/src_gray_ff_reg[0]} {jtag_spi_ila_i/jtag_axi_0/inst/jtag_axi_engine_u/wr_cmd_fifo_i/inst_fifo_gen/gconvfifo.rf/grf.rf/gntv_or_sync_fifo.gcx.clkx/wr_pntr_cdc_inst/src_gray_ff_reg[1]} {jtag_spi_ila_i/jtag_axi_0/inst/jtag_axi_engine_u/wr_cmd_fifo_i/inst_fifo_gen/gconvfifo.rf/grf.rf/gntv_or_sync_fifo.gcx.clkx/wr_pntr_cdc_inst/src_gray_ff_reg[2]} {jtag_spi_ila_i/jtag_axi_0/inst/jtag_axi_engine_u/wr_cmd_fifo_i/inst_fifo_gen/gconvfifo.rf/grf.rf/gntv_or_sync_fifo.gcx.clkx/wr_pntr_cdc_inst/src_gray_ff_reg[3]}]] -to [get_cells [list {jtag_spi_ila_i/jtag_axi_0/inst/jtag_axi_engine_u/wr_cmd_fifo_i/inst_fifo_gen/gconvfifo.rf/grf.rf/gntv_or_sync_fifo.gcx.clkx/wr_pntr_cdc_inst/dest_graysync_ff_reg[0][0]} {jtag_spi_ila_i/jtag_axi_0/inst/jtag_axi_engine_u/wr_cmd_fifo_i/inst_fifo_gen/gconvfifo.rf/grf.rf/gntv_or_sync_fifo.gcx.clkx/wr_pntr_cdc_inst/dest_graysync_ff_reg[0][1]} {jtag_spi_ila_i/jtag_axi_0/inst/jtag_axi_engine_u/wr_cmd_fifo_i/inst_fifo_gen/gconvfifo.rf/grf.rf/gntv_or_sync_fifo.gcx.clkx/wr_pntr_cdc_inst/dest_graysync_ff_reg[0][2]} {jtag_spi_ila_i/jtag_axi_0/inst/jtag_axi_engine_u/wr_cmd_fifo_i/inst_fifo_gen/gconvfifo.rf/grf.rf/gntv_or_sync_fifo.gcx.clkx/wr_pntr_cdc_inst/dest_graysync_ff_reg[0][3]}]] 10.000
Requirement: 10.000ns
Endpoints: 4

From Clock            To Clock              Endpoint Pin                    Reference Pin                   Corner  Actual(ns)  Slack(ns)
--------------------  --------------------  ------------------------------  ------------------------------  ------  ----------  ---------
clk_out1_jtag_spi_ila_clk_wiz_0
                      clk_out1_jtag_spi_ila_clk_wiz_0
                                            jtag_spi_ila_i/jtag_axi_0/inst/jtag_axi_engine_u/wr_cmd_fifo_i/inst_fifo_gen/gconvfifo.rf/grf.rf/gntv_or_sync_fifo.gcx.clkx/wr_pntr_cdc_inst/dest_graysync_ff_reg[0][1]/D
                                                                            jtag_spi_ila_i/jtag_axi_0/inst/jtag_axi_engine_u/wr_cmd_fifo_i/inst_fifo_gen/gconvfifo.rf/grf.rf/gntv_or_sync_fifo.gcx.clkx/wr_pntr_cdc_inst/dest_graysync_ff_reg[0][0]/D
                                                                                                            Slow         0.678      9.322


Slack (MET) :             9.322ns  (requirement - actual skew)
  Endpoint Source:        jtag_spi_ila_i/jtag_axi_0/inst/jtag_axi_engine_u/wr_cmd_fifo_i/inst_fifo_gen/gconvfifo.rf/grf.rf/gntv_or_sync_fifo.gcx.clkx/wr_pntr_cdc_inst/src_gray_ff_reg[1]/C
                            (rising edge-triggered cell FDRE clocked by clk_out1_jtag_spi_ila_clk_wiz_0)
  Endpoint Destination:   jtag_spi_ila_i/jtag_axi_0/inst/jtag_axi_engine_u/wr_cmd_fifo_i/inst_fifo_gen/gconvfifo.rf/grf.rf/gntv_or_sync_fifo.gcx.clkx/wr_pntr_cdc_inst/dest_graysync_ff_reg[0][1]/D
                            (rising edge-triggered cell FDRE clocked by clk_out1_jtag_spi_ila_clk_wiz_0)
  Reference Source:       jtag_spi_ila_i/jtag_axi_0/inst/jtag_axi_engine_u/wr_cmd_fifo_i/inst_fifo_gen/gconvfifo.rf/grf.rf/gntv_or_sync_fifo.gcx.clkx/wr_pntr_cdc_inst/src_gray_ff_reg[0]/C
                            (rising edge-triggered cell FDRE clocked by clk_out1_jtag_spi_ila_clk_wiz_0)
  Reference Destination:  jtag_spi_ila_i/jtag_axi_0/inst/jtag_axi_engine_u/wr_cmd_fifo_i/inst_fifo_gen/gconvfifo.rf/grf.rf/gntv_or_sync_fifo.gcx.clkx/wr_pntr_cdc_inst/dest_graysync_ff_reg[0][0]/D
                            (rising edge-triggered cell FDRE clocked by clk_out1_jtag_spi_ila_clk_wiz_0)
  Path Type:              Bus Skew (Max at Slow Process Corner)
  Requirement:            10.000ns
  Endpoint Relative Delay:    1.359ns
  Reference Relative Delay:   0.681ns
  Relative CRPR:              0.000ns
  Actual Bus Skew:            0.678ns  (Endpoint Relative Delay - Reference Relative Delay - Relative CRPR)

Endpoint path:
    Location             Delay type                Incr(ns)  Path(ns)    Netlist Resource(s)
  -------------------------------------------------------------------    -------------------
                         (clock clk_out1_jtag_spi_ila_clk_wiz_0 rise edge)
                                                      0.000     0.000 r  
    E3                   IBUF                         0.000     0.000 r  sys_clock_IBUF_inst/O
                         net (fo=2, routed)           1.233     1.233    jtag_spi_ila_i/clk_wiz/inst/clk_in1
    MMCME2_ADV_X1Y2      MMCME2_ADV (Prop_mmcme2_adv_CLKIN1_CLKOUT0)
                                                     -7.070    -5.837 r  jtag_spi_ila_i/clk_wiz/inst/mmcm_adv_inst/CLKOUT0
                         net (fo=1, routed)           1.719    -4.118    jtag_spi_ila_i/clk_wiz/inst/clk_out1_jtag_spi_ila_clk_wiz_0
    BUFGCTRL_X0Y16       BUFG (Prop_bufg_I_O)         0.096    -4.022 r  jtag_spi_ila_i/clk_wiz/inst/clkout1_buf/O
                         net (fo=3352, routed)        1.620    -2.401    jtag_spi_ila_i/jtag_axi_0/inst/jtag_axi_engine_u/wr_cmd_fifo_i/inst_fifo_gen/gconvfifo.rf/grf.rf/gntv_or_sync_fifo.gcx.clkx/wr_pntr_cdc_inst/src_clk
    SLICE_X35Y74         FDRE                                         r  jtag_spi_ila_i/jtag_axi_0/inst/jtag_axi_engine_u/wr_cmd_fifo_i/inst_fifo_gen/gconvfifo.rf/grf.rf/gntv_or_sync_fifo.gcx.clkx/wr_pntr_cdc_inst/src_gray_ff_reg[1]/C
  -------------------------------------------------------------------    -------------------
    SLICE_X35Y74         FDRE (Prop_fdre_C_Q)         0.419    -1.982 r  jtag_spi_ila_i/jtag_axi_0/inst/jtag_axi_engine_u/wr_cmd_fifo_i/inst_fifo_gen/gconvfifo.rf/grf.rf/gntv_or_sync_fifo.gcx.clkx/wr_pntr_cdc_inst/src_gray_ff_reg[1]/Q
                         net (fo=1, routed)           0.674    -1.308    jtag_spi_ila_i/jtag_axi_0/inst/jtag_axi_engine_u/wr_cmd_fifo_i/inst_fifo_gen/gconvfifo.rf/grf.rf/gntv_or_sync_fifo.gcx.clkx/wr_pntr_cdc_inst/async_path[1]
    SLICE_X35Y74         FDRE                                         r  jtag_spi_ila_i/jtag_axi_0/inst/jtag_axi_engine_u/wr_cmd_fifo_i/inst_fifo_gen/gconvfifo.rf/grf.rf/gntv_or_sync_fifo.gcx.clkx/wr_pntr_cdc_inst/dest_graysync_ff_reg[0][1]/D
  -------------------------------------------------------------------    -------------------

                         (clock clk_out1_jtag_spi_ila_clk_wiz_0 rise edge)
                                                      0.000     0.000 r  
    E3                   IBUF                         0.000     0.000 r  sys_clock_IBUF_inst/O
                         net (fo=2, routed)           1.162     1.162    jtag_spi_ila_i/clk_wiz/inst/clk_in1
    MMCME2_ADV_X1Y2      MMCME2_ADV (Prop_mmcme2_adv_CLKIN1_CLKOUT0)
                                                     -7.324    -6.162 r  jtag_spi_ila_i/clk_wiz/inst/mmcm_adv_inst/CLKOUT0
                         net (fo=1, routed)           1.639    -4.523    jtag_spi_ila_i/clk_wiz/inst/clk_out1_jtag_spi_ila_clk_wiz_0
    BUFGCTRL_X0Y16       BUFG (Prop_bufg_I_O)         0.091    -4.432 r  jtag_spi_ila_i/clk_wiz/inst/clkout1_buf/O
                         net (fo=3352, routed)        1.502    -2.929    jtag_spi_ila_i/jtag_axi_0/inst/jtag_axi_engine_u/wr_cmd_fifo_i/inst_fifo_gen/gconvfifo.rf/grf.rf/gntv_or_sync_fifo.gcx.clkx/wr_pntr_cdc_inst/dest_clk
    SLICE_X35Y74         FDRE                                         r  jtag_spi_ila_i/jtag_axi_0/inst/jtag_axi_engine_u/wr_cmd_fifo_i/inst_fifo_gen/gconvfifo.rf/grf.rf/gntv_or_sync_fifo.gcx.clkx/wr_pntr_cdc_inst/dest_graysync_ff_reg[0][1]/C
                         clock pessimism              0.528    -2.401    
    SLICE_X35Y74         FDRE (Setup_fdre_C_D)       -0.266    -2.667    jtag_spi_ila_i/jtag_axi_0/inst/jtag_axi_engine_u/wr_cmd_fifo_i/inst_fifo_gen/gconvfifo.rf/grf.rf/gntv_or_sync_fifo.gcx.clkx/wr_pntr_cdc_inst/dest_graysync_ff_reg[0][1]
  -------------------------------------------------------------------
                         data arrival                          -1.308    
                         clock arrival                         -2.667    
  -------------------------------------------------------------------
                         relative delay                         1.359    

Reference path:
    Location             Delay type                Incr(ns)  Path(ns)    Netlist Resource(s)
  -------------------------------------------------------------------    -------------------
                         (clock clk_out1_jtag_spi_ila_clk_wiz_0 rise edge)
                                                      0.000     0.000 r  
    E3                   IBUF                         0.000     0.000 r  sys_clock_IBUF_inst/O
                         net (fo=2, routed)           1.162     1.162    jtag_spi_ila_i/clk_wiz/inst/clk_in1
    MMCME2_ADV_X1Y2      MMCME2_ADV (Prop_mmcme2_adv_CLKIN1_CLKOUT0)
                                                     -7.324    -6.162 r  jtag_spi_ila_i/clk_wiz/inst/mmcm_adv_inst/CLKOUT0
                         net (fo=1, routed)           1.639    -4.523    jtag_spi_ila_i/clk_wiz/inst/clk_out1_jtag_spi_ila_clk_wiz_0
    BUFGCTRL_X0Y16       BUFG (Prop_bufg_I_O)         0.091    -4.432 r  jtag_spi_ila_i/clk_wiz/inst/clkout1_buf/O
                         net (fo=3352, routed)        1.502    -2.929    jtag_spi_ila_i/jtag_axi_0/inst/jtag_axi_engine_u/wr_cmd_fifo_i/inst_fifo_gen/gconvfifo.rf/grf.rf/gntv_or_sync_fifo.gcx.clkx/wr_pntr_cdc_inst/src_clk
    SLICE_X35Y74         FDRE                                         r  jtag_spi_ila_i/jtag_axi_0/inst/jtag_axi_engine_u/wr_cmd_fifo_i/inst_fifo_gen/gconvfifo.rf/grf.rf/gntv_or_sync_fifo.gcx.clkx/wr_pntr_cdc_inst/src_gray_ff_reg[0]/C
  -------------------------------------------------------------------    -------------------
    SLICE_X35Y74         FDRE (Prop_fdre_C_Q)         0.367    -2.562 r  jtag_spi_ila_i/jtag_axi_0/inst/jtag_axi_engine_u/wr_cmd_fifo_i/inst_fifo_gen/gconvfifo.rf/grf.rf/gntv_or_sync_fifo.gcx.clkx/wr_pntr_cdc_inst/src_gray_ff_reg[0]/Q
                         net (fo=1, routed)           0.483    -2.079    jtag_spi_ila_i/jtag_axi_0/inst/jtag_axi_engine_u/wr_cmd_fifo_i/inst_fifo_gen/gconvfifo.rf/grf.rf/gntv_or_sync_fifo.gcx.clkx/wr_pntr_cdc_inst/async_path[0]
    SLICE_X35Y74         FDRE                                         r  jtag_spi_ila_i/jtag_axi_0/inst/jtag_axi_engine_u/wr_cmd_fifo_i/inst_fifo_gen/gconvfifo.rf/grf.rf/gntv_or_sync_fifo.gcx.clkx/wr_pntr_cdc_inst/dest_graysync_ff_reg[0][0]/D
  -------------------------------------------------------------------    -------------------

                         (clock clk_out1_jtag_spi_ila_clk_wiz_0 rise edge)
                                                      0.000     0.000 r  
    E3                   IBUF                         0.000     0.000 r  sys_clock_IBUF_inst/O
                         net (fo=2, routed)           1.233     1.233    jtag_spi_ila_i/clk_wiz/inst/clk_in1
    MMCME2_ADV_X1Y2      MMCME2_ADV (Prop_mmcme2_adv_CLKIN1_CLKOUT0)
                                                     -7.070    -5.837 r  jtag_spi_ila_i/clk_wiz/inst/mmcm_adv_inst/CLKOUT0
                         net (fo=1, routed)           1.719    -4.118    jtag_spi_ila_i/clk_wiz/inst/clk_out1_jtag_spi_ila_clk_wiz_0
    BUFGCTRL_X0Y16       BUFG (Prop_bufg_I_O)         0.096    -4.022 r  jtag_spi_ila_i/clk_wiz/inst/clkout1_buf/O
                         net (fo=3352, routed)        1.620    -2.401    jtag_spi_ila_i/jtag_axi_0/inst/jtag_axi_engine_u/wr_cmd_fifo_i/inst_fifo_gen/gconvfifo.rf/grf.rf/gntv_or_sync_fifo.gcx.clkx/wr_pntr_cdc_inst/dest_clk
    SLICE_X35Y74         FDRE                                         r  jtag_spi_ila_i/jtag_axi_0/inst/jtag_axi_engine_u/wr_cmd_fifo_i/inst_fifo_gen/gconvfifo.rf/grf.rf/gntv_or_sync_fifo.gcx.clkx/wr_pntr_cdc_inst/dest_graysync_ff_reg[0][0]/C
                         clock pessimism             -0.528    -2.929    
    SLICE_X35Y74         FDRE (Hold_fdre_C_D)         0.169    -2.760    jtag_spi_ila_i/jtag_axi_0/inst/jtag_axi_engine_u/wr_cmd_fifo_i/inst_fifo_gen/gconvfifo.rf/grf.rf/gntv_or_sync_fifo.gcx.clkx/wr_pntr_cdc_inst/dest_graysync_ff_reg[0][0]
  -------------------------------------------------------------------
                         data arrival                          -2.079    
                         clock arrival                         -2.760    
  -------------------------------------------------------------------
                         relative delay                         0.681    



Id: 7
set_bus_skew -from [get_cells [list {jtag_spi_ila_i/jtag_axi_0/inst/jtag_axi_engine_u/wr_cmd_fifo_i/inst_fifo_gen/gconvfifo.rf/grf.rf/gntv_or_sync_fifo.gcx.clkx/rd_pntr_cdc_inst/src_gray_ff_reg[0]} {jtag_spi_ila_i/jtag_axi_0/inst/jtag_axi_engine_u/wr_cmd_fifo_i/inst_fifo_gen/gconvfifo.rf/grf.rf/gntv_or_sync_fifo.gcx.clkx/rd_pntr_cdc_inst/src_gray_ff_reg[1]} {jtag_spi_ila_i/jtag_axi_0/inst/jtag_axi_engine_u/wr_cmd_fifo_i/inst_fifo_gen/gconvfifo.rf/grf.rf/gntv_or_sync_fifo.gcx.clkx/rd_pntr_cdc_inst/src_gray_ff_reg[2]} {jtag_spi_ila_i/jtag_axi_0/inst/jtag_axi_engine_u/wr_cmd_fifo_i/inst_fifo_gen/gconvfifo.rf/grf.rf/gntv_or_sync_fifo.gcx.clkx/rd_pntr_cdc_inst/src_gray_ff_reg[3]}]] -to [get_cells [list {jtag_spi_ila_i/jtag_axi_0/inst/jtag_axi_engine_u/wr_cmd_fifo_i/inst_fifo_gen/gconvfifo.rf/grf.rf/gntv_or_sync_fifo.gcx.clkx/rd_pntr_cdc_inst/dest_graysync_ff_reg[0][0]} {jtag_spi_ila_i/jtag_axi_0/inst/jtag_axi_engine_u/wr_cmd_fifo_i/inst_fifo_gen/gconvfifo.rf/grf.rf/gntv_or_sync_fifo.gcx.clkx/rd_pntr_cdc_inst/dest_graysync_ff_reg[0][1]} {jtag_spi_ila_i/jtag_axi_0/inst/jtag_axi_engine_u/wr_cmd_fifo_i/inst_fifo_gen/gconvfifo.rf/grf.rf/gntv_or_sync_fifo.gcx.clkx/rd_pntr_cdc_inst/dest_graysync_ff_reg[0][2]} {jtag_spi_ila_i/jtag_axi_0/inst/jtag_axi_engine_u/wr_cmd_fifo_i/inst_fifo_gen/gconvfifo.rf/grf.rf/gntv_or_sync_fifo.gcx.clkx/rd_pntr_cdc_inst/dest_graysync_ff_reg[0][3]}]] 10.000
Requirement: 10.000ns
Endpoints: 4

From Clock            To Clock              Endpoint Pin                    Reference Pin                   Corner  Actual(ns)  Slack(ns)
--------------------  --------------------  ------------------------------  ------------------------------  ------  ----------  ---------
clk_out1_jtag_spi_ila_clk_wiz_0
                      clk_out1_jtag_spi_ila_clk_wiz_0
                                            jtag_spi_ila_i/jtag_axi_0/inst/jtag_axi_engine_u/wr_cmd_fifo_i/inst_fifo_gen/gconvfifo.rf/grf.rf/gntv_or_sync_fifo.gcx.clkx/rd_pntr_cdc_inst/dest_graysync_ff_reg[0][1]/D
                                                                            jtag_spi_ila_i/jtag_axi_0/inst/jtag_axi_engine_u/wr_cmd_fifo_i/inst_fifo_gen/gconvfifo.rf/grf.rf/gntv_or_sync_fifo.gcx.clkx/rd_pntr_cdc_inst/dest_graysync_ff_reg[0][3]/D
                                                                                                            Slow         0.595      9.405


Slack (MET) :             9.405ns  (requirement - actual skew)
  Endpoint Source:        jtag_spi_ila_i/jtag_axi_0/inst/jtag_axi_engine_u/wr_cmd_fifo_i/inst_fifo_gen/gconvfifo.rf/grf.rf/gntv_or_sync_fifo.gcx.clkx/rd_pntr_cdc_inst/src_gray_ff_reg[1]/C
                            (rising edge-triggered cell FDRE clocked by clk_out1_jtag_spi_ila_clk_wiz_0)
  Endpoint Destination:   jtag_spi_ila_i/jtag_axi_0/inst/jtag_axi_engine_u/wr_cmd_fifo_i/inst_fifo_gen/gconvfifo.rf/grf.rf/gntv_or_sync_fifo.gcx.clkx/rd_pntr_cdc_inst/dest_graysync_ff_reg[0][1]/D
                            (rising edge-triggered cell FDRE clocked by clk_out1_jtag_spi_ila_clk_wiz_0)
  Reference Source:       jtag_spi_ila_i/jtag_axi_0/inst/jtag_axi_engine_u/wr_cmd_fifo_i/inst_fifo_gen/gconvfifo.rf/grf.rf/gntv_or_sync_fifo.gcx.clkx/rd_pntr_cdc_inst/src_gray_ff_reg[3]/C
                            (rising edge-triggered cell FDRE clocked by clk_out1_jtag_spi_ila_clk_wiz_0)
  Reference Destination:  jtag_spi_ila_i/jtag_axi_0/inst/jtag_axi_engine_u/wr_cmd_fifo_i/inst_fifo_gen/gconvfifo.rf/grf.rf/gntv_or_sync_fifo.gcx.clkx/rd_pntr_cdc_inst/dest_graysync_ff_reg[0][3]/D
                            (rising edge-triggered cell FDRE clocked by clk_out1_jtag_spi_ila_clk_wiz_0)
  Path Type:              Bus Skew (Max at Slow Process Corner)
  Requirement:            10.000ns
  Endpoint Relative Delay:    1.386ns
  Reference Relative Delay:   0.791ns
  Relative CRPR:              0.000ns
  Actual Bus Skew:            0.595ns  (Endpoint Relative Delay - Reference Relative Delay - Relative CRPR)

Endpoint path:
    Location             Delay type                Incr(ns)  Path(ns)    Netlist Resource(s)
  -------------------------------------------------------------------    -------------------
                         (clock clk_out1_jtag_spi_ila_clk_wiz_0 rise edge)
                                                      0.000     0.000 r  
    E3                   IBUF                         0.000     0.000 r  sys_clock_IBUF_inst/O
                         net (fo=2, routed)           1.233     1.233    jtag_spi_ila_i/clk_wiz/inst/clk_in1
    MMCME2_ADV_X1Y2      MMCME2_ADV (Prop_mmcme2_adv_CLKIN1_CLKOUT0)
                                                     -7.070    -5.837 r  jtag_spi_ila_i/clk_wiz/inst/mmcm_adv_inst/CLKOUT0
                         net (fo=1, routed)           1.719    -4.118    jtag_spi_ila_i/clk_wiz/inst/clk_out1_jtag_spi_ila_clk_wiz_0
    BUFGCTRL_X0Y16       BUFG (Prop_bufg_I_O)         0.096    -4.022 r  jtag_spi_ila_i/clk_wiz/inst/clkout1_buf/O
                         net (fo=3352, routed)        1.622    -2.399    jtag_spi_ila_i/jtag_axi_0/inst/jtag_axi_engine_u/wr_cmd_fifo_i/inst_fifo_gen/gconvfifo.rf/grf.rf/gntv_or_sync_fifo.gcx.clkx/rd_pntr_cdc_inst/src_clk
    SLICE_X36Y73         FDRE                                         r  jtag_spi_ila_i/jtag_axi_0/inst/jtag_axi_engine_u/wr_cmd_fifo_i/inst_fifo_gen/gconvfifo.rf/grf.rf/gntv_or_sync_fifo.gcx.clkx/rd_pntr_cdc_inst/src_gray_ff_reg[1]/C
  -------------------------------------------------------------------    -------------------
    SLICE_X36Y73         FDRE (Prop_fdre_C_Q)         0.419    -1.980 r  jtag_spi_ila_i/jtag_axi_0/inst/jtag_axi_engine_u/wr_cmd_fifo_i/inst_fifo_gen/gconvfifo.rf/grf.rf/gntv_or_sync_fifo.gcx.clkx/rd_pntr_cdc_inst/src_gray_ff_reg[1]/Q
                         net (fo=1, routed)           0.677    -1.303    jtag_spi_ila_i/jtag_axi_0/inst/jtag_axi_engine_u/wr_cmd_fifo_i/inst_fifo_gen/gconvfifo.rf/grf.rf/gntv_or_sync_fifo.gcx.clkx/rd_pntr_cdc_inst/async_path[1]
    SLICE_X37Y73         FDRE                                         r  jtag_spi_ila_i/jtag_axi_0/inst/jtag_axi_engine_u/wr_cmd_fifo_i/inst_fifo_gen/gconvfifo.rf/grf.rf/gntv_or_sync_fifo.gcx.clkx/rd_pntr_cdc_inst/dest_graysync_ff_reg[0][1]/D
  -------------------------------------------------------------------    -------------------

                         (clock clk_out1_jtag_spi_ila_clk_wiz_0 rise edge)
                                                      0.000     0.000 r  
    E3                   IBUF                         0.000     0.000 r  sys_clock_IBUF_inst/O
                         net (fo=2, routed)           1.162     1.162    jtag_spi_ila_i/clk_wiz/inst/clk_in1
    MMCME2_ADV_X1Y2      MMCME2_ADV (Prop_mmcme2_adv_CLKIN1_CLKOUT0)
                                                     -7.324    -6.162 r  jtag_spi_ila_i/clk_wiz/inst/mmcm_adv_inst/CLKOUT0
                         net (fo=1, routed)           1.639    -4.523    jtag_spi_ila_i/clk_wiz/inst/clk_out1_jtag_spi_ila_clk_wiz_0
    BUFGCTRL_X0Y16       BUFG (Prop_bufg_I_O)         0.091    -4.432 r  jtag_spi_ila_i/clk_wiz/inst/clkout1_buf/O
                         net (fo=3352, routed)        1.504    -2.927    jtag_spi_ila_i/jtag_axi_0/inst/jtag_axi_engine_u/wr_cmd_fifo_i/inst_fifo_gen/gconvfifo.rf/grf.rf/gntv_or_sync_fifo.gcx.clkx/rd_pntr_cdc_inst/dest_clk
    SLICE_X37Y73         FDRE                                         r  jtag_spi_ila_i/jtag_axi_0/inst/jtag_axi_engine_u/wr_cmd_fifo_i/inst_fifo_gen/gconvfifo.rf/grf.rf/gntv_or_sync_fifo.gcx.clkx/rd_pntr_cdc_inst/dest_graysync_ff_reg[0][1]/C
                         clock pessimism              0.506    -2.421    
    SLICE_X37Y73         FDRE (Setup_fdre_C_D)       -0.268    -2.689    jtag_spi_ila_i/jtag_axi_0/inst/jtag_axi_engine_u/wr_cmd_fifo_i/inst_fifo_gen/gconvfifo.rf/grf.rf/gntv_or_sync_fifo.gcx.clkx/rd_pntr_cdc_inst/dest_graysync_ff_reg[0][1]
  -------------------------------------------------------------------
                         data arrival                          -1.303    
                         clock arrival                         -2.689    
  -------------------------------------------------------------------
                         relative delay                         1.386    

Reference path:
    Location             Delay type                Incr(ns)  Path(ns)    Netlist Resource(s)
  -------------------------------------------------------------------    -------------------
                         (clock clk_out1_jtag_spi_ila_clk_wiz_0 rise edge)
                                                      0.000     0.000 r  
    E3                   IBUF                         0.000     0.000 r  sys_clock_IBUF_inst/O
                         net (fo=2, routed)           1.162     1.162    jtag_spi_ila_i/clk_wiz/inst/clk_in1
    MMCME2_ADV_X1Y2      MMCME2_ADV (Prop_mmcme2_adv_CLKIN1_CLKOUT0)
                                                     -7.324    -6.162 r  jtag_spi_ila_i/clk_wiz/inst/mmcm_adv_inst/CLKOUT0
                         net (fo=1, routed)           1.639    -4.523    jtag_spi_ila_i/clk_wiz/inst/clk_out1_jtag_spi_ila_clk_wiz_0
    BUFGCTRL_X0Y16       BUFG (Prop_bufg_I_O)         0.091    -4.432 r  jtag_spi_ila_i/clk_wiz/inst/clkout1_buf/O
                         net (fo=3352, routed)        1.508    -2.923    jtag_spi_ila_i/jtag_axi_0/inst/jtag_axi_engine_u/wr_cmd_fifo_i/inst_fifo_gen/gconvfifo.rf/grf.rf/gntv_or_sync_fifo.gcx.clkx/rd_pntr_cdc_inst/src_clk
    SLICE_X34Y70         FDRE                                         r  jtag_spi_ila_i/jtag_axi_0/inst/jtag_axi_engine_u/wr_cmd_fifo_i/inst_fifo_gen/gconvfifo.rf/grf.rf/gntv_or_sync_fifo.gcx.clkx/rd_pntr_cdc_inst/src_gray_ff_reg[3]/C
  -------------------------------------------------------------------    -------------------
    SLICE_X34Y70         FDRE (Prop_fdre_C_Q)         0.418    -2.505 r  jtag_spi_ila_i/jtag_axi_0/inst/jtag_axi_engine_u/wr_cmd_fifo_i/inst_fifo_gen/gconvfifo.rf/grf.rf/gntv_or_sync_fifo.gcx.clkx/rd_pntr_cdc_inst/src_gray_ff_reg[3]/Q
                         net (fo=1, routed)           0.564    -1.942    jtag_spi_ila_i/jtag_axi_0/inst/jtag_axi_engine_u/wr_cmd_fifo_i/inst_fifo_gen/gconvfifo.rf/grf.rf/gntv_or_sync_fifo.gcx.clkx/rd_pntr_cdc_inst/async_path[3]
    SLICE_X35Y70         FDRE                                         r  jtag_spi_ila_i/jtag_axi_0/inst/jtag_axi_engine_u/wr_cmd_fifo_i/inst_fifo_gen/gconvfifo.rf/grf.rf/gntv_or_sync_fifo.gcx.clkx/rd_pntr_cdc_inst/dest_graysync_ff_reg[0][3]/D
  -------------------------------------------------------------------    -------------------

                         (clock clk_out1_jtag_spi_ila_clk_wiz_0 rise edge)
                                                      0.000     0.000 r  
    E3                   IBUF                         0.000     0.000 r  sys_clock_IBUF_inst/O
                         net (fo=2, routed)           1.233     1.233    jtag_spi_ila_i/clk_wiz/inst/clk_in1
    MMCME2_ADV_X1Y2      MMCME2_ADV (Prop_mmcme2_adv_CLKIN1_CLKOUT0)
                                                     -7.070    -5.837 r  jtag_spi_ila_i/clk_wiz/inst/mmcm_adv_inst/CLKOUT0
                         net (fo=1, routed)           1.719    -4.118    jtag_spi_ila_i/clk_wiz/inst/clk_out1_jtag_spi_ila_clk_wiz_0
    BUFGCTRL_X0Y16       BUFG (Prop_bufg_I_O)         0.096    -4.022 r  jtag_spi_ila_i/clk_wiz/inst/clkout1_buf/O
                         net (fo=3352, routed)        1.627    -2.394    jtag_spi_ila_i/jtag_axi_0/inst/jtag_axi_engine_u/wr_cmd_fifo_i/inst_fifo_gen/gconvfifo.rf/grf.rf/gntv_or_sync_fifo.gcx.clkx/rd_pntr_cdc_inst/dest_clk
    SLICE_X35Y70         FDRE                                         r  jtag_spi_ila_i/jtag_axi_0/inst/jtag_axi_engine_u/wr_cmd_fifo_i/inst_fifo_gen/gconvfifo.rf/grf.rf/gntv_or_sync_fifo.gcx.clkx/rd_pntr_cdc_inst/dest_graysync_ff_reg[0][3]/C
                         clock pessimism             -0.507    -2.901    
    SLICE_X35Y70         FDRE (Hold_fdre_C_D)         0.169    -2.732    jtag_spi_ila_i/jtag_axi_0/inst/jtag_axi_engine_u/wr_cmd_fifo_i/inst_fifo_gen/gconvfifo.rf/grf.rf/gntv_or_sync_fifo.gcx.clkx/rd_pntr_cdc_inst/dest_graysync_ff_reg[0][3]
  -------------------------------------------------------------------
                         data arrival                          -1.942    
                         clock arrival                         -2.732    
  -------------------------------------------------------------------
                         relative delay                         0.791    



Id: 8
set_bus_skew -from [get_cells [list {jtag_spi_ila_i/jtag_axi_0/inst/jtag_axi_engine_u/rd_cmd_fifo_i/inst_fifo_gen/gconvfifo.rf/grf.rf/gntv_or_sync_fifo.gcx.clkx/wr_pntr_cdc_inst/src_gray_ff_reg[0]} {jtag_spi_ila_i/jtag_axi_0/inst/jtag_axi_engine_u/rd_cmd_fifo_i/inst_fifo_gen/gconvfifo.rf/grf.rf/gntv_or_sync_fifo.gcx.clkx/wr_pntr_cdc_inst/src_gray_ff_reg[1]} {jtag_spi_ila_i/jtag_axi_0/inst/jtag_axi_engine_u/rd_cmd_fifo_i/inst_fifo_gen/gconvfifo.rf/grf.rf/gntv_or_sync_fifo.gcx.clkx/wr_pntr_cdc_inst/src_gray_ff_reg[2]} {jtag_spi_ila_i/jtag_axi_0/inst/jtag_axi_engine_u/rd_cmd_fifo_i/inst_fifo_gen/gconvfifo.rf/grf.rf/gntv_or_sync_fifo.gcx.clkx/wr_pntr_cdc_inst/src_gray_ff_reg[3]}]] -to [get_cells [list {jtag_spi_ila_i/jtag_axi_0/inst/jtag_axi_engine_u/rd_cmd_fifo_i/inst_fifo_gen/gconvfifo.rf/grf.rf/gntv_or_sync_fifo.gcx.clkx/wr_pntr_cdc_inst/dest_graysync_ff_reg[0][0]} {jtag_spi_ila_i/jtag_axi_0/inst/jtag_axi_engine_u/rd_cmd_fifo_i/inst_fifo_gen/gconvfifo.rf/grf.rf/gntv_or_sync_fifo.gcx.clkx/wr_pntr_cdc_inst/dest_graysync_ff_reg[0][1]} {jtag_spi_ila_i/jtag_axi_0/inst/jtag_axi_engine_u/rd_cmd_fifo_i/inst_fifo_gen/gconvfifo.rf/grf.rf/gntv_or_sync_fifo.gcx.clkx/wr_pntr_cdc_inst/dest_graysync_ff_reg[0][2]} {jtag_spi_ila_i/jtag_axi_0/inst/jtag_axi_engine_u/rd_cmd_fifo_i/inst_fifo_gen/gconvfifo.rf/grf.rf/gntv_or_sync_fifo.gcx.clkx/wr_pntr_cdc_inst/dest_graysync_ff_reg[0][3]}]] 10.000
Requirement: 10.000ns
Endpoints: 4

From Clock            To Clock              Endpoint Pin                    Reference Pin                   Corner  Actual(ns)  Slack(ns)
--------------------  --------------------  ------------------------------  ------------------------------  ------  ----------  ---------
clk_out1_jtag_spi_ila_clk_wiz_0
                      clk_out1_jtag_spi_ila_clk_wiz_0
                                            jtag_spi_ila_i/jtag_axi_0/inst/jtag_axi_engine_u/rd_cmd_fifo_i/inst_fifo_gen/gconvfifo.rf/grf.rf/gntv_or_sync_fifo.gcx.clkx/wr_pntr_cdc_inst/dest_graysync_ff_reg[0][3]/D
                                                                            jtag_spi_ila_i/jtag_axi_0/inst/jtag_axi_engine_u/rd_cmd_fifo_i/inst_fifo_gen/gconvfifo.rf/grf.rf/gntv_or_sync_fifo.gcx.clkx/wr_pntr_cdc_inst/dest_graysync_ff_reg[0][2]/D
                                                                                                            Slow         0.758      9.242


Slack (MET) :             9.242ns  (requirement - actual skew)
  Endpoint Source:        jtag_spi_ila_i/jtag_axi_0/inst/jtag_axi_engine_u/rd_cmd_fifo_i/inst_fifo_gen/gconvfifo.rf/grf.rf/gntv_or_sync_fifo.gcx.clkx/wr_pntr_cdc_inst/src_gray_ff_reg[3]/C
                            (rising edge-triggered cell FDRE clocked by clk_out1_jtag_spi_ila_clk_wiz_0)
  Endpoint Destination:   jtag_spi_ila_i/jtag_axi_0/inst/jtag_axi_engine_u/rd_cmd_fifo_i/inst_fifo_gen/gconvfifo.rf/grf.rf/gntv_or_sync_fifo.gcx.clkx/wr_pntr_cdc_inst/dest_graysync_ff_reg[0][3]/D
                            (rising edge-triggered cell FDRE clocked by clk_out1_jtag_spi_ila_clk_wiz_0)
  Reference Source:       jtag_spi_ila_i/jtag_axi_0/inst/jtag_axi_engine_u/rd_cmd_fifo_i/inst_fifo_gen/gconvfifo.rf/grf.rf/gntv_or_sync_fifo.gcx.clkx/wr_pntr_cdc_inst/src_gray_ff_reg[2]/C
                            (rising edge-triggered cell FDRE clocked by clk_out1_jtag_spi_ila_clk_wiz_0)
  Reference Destination:  jtag_spi_ila_i/jtag_axi_0/inst/jtag_axi_engine_u/rd_cmd_fifo_i/inst_fifo_gen/gconvfifo.rf/grf.rf/gntv_or_sync_fifo.gcx.clkx/wr_pntr_cdc_inst/dest_graysync_ff_reg[0][2]/D
                            (rising edge-triggered cell FDRE clocked by clk_out1_jtag_spi_ila_clk_wiz_0)
  Path Type:              Bus Skew (Max at Slow Process Corner)
  Requirement:            10.000ns
  Endpoint Relative Delay:    1.440ns
  Reference Relative Delay:   0.682ns
  Relative CRPR:              0.000ns
  Actual Bus Skew:            0.758ns  (Endpoint Relative Delay - Reference Relative Delay - Relative CRPR)

Endpoint path:
    Location             Delay type                Incr(ns)  Path(ns)    Netlist Resource(s)
  -------------------------------------------------------------------    -------------------
                         (clock clk_out1_jtag_spi_ila_clk_wiz_0 rise edge)
                                                      0.000     0.000 r  
    E3                   IBUF                         0.000     0.000 r  sys_clock_IBUF_inst/O
                         net (fo=2, routed)           1.233     1.233    jtag_spi_ila_i/clk_wiz/inst/clk_in1
    MMCME2_ADV_X1Y2      MMCME2_ADV (Prop_mmcme2_adv_CLKIN1_CLKOUT0)
                                                     -7.070    -5.837 r  jtag_spi_ila_i/clk_wiz/inst/mmcm_adv_inst/CLKOUT0
                         net (fo=1, routed)           1.719    -4.118    jtag_spi_ila_i/clk_wiz/inst/clk_out1_jtag_spi_ila_clk_wiz_0
    BUFGCTRL_X0Y16       BUFG (Prop_bufg_I_O)         0.096    -4.022 r  jtag_spi_ila_i/clk_wiz/inst/clkout1_buf/O
                         net (fo=3352, routed)        1.618    -2.403    jtag_spi_ila_i/jtag_axi_0/inst/jtag_axi_engine_u/rd_cmd_fifo_i/inst_fifo_gen/gconvfifo.rf/grf.rf/gntv_or_sync_fifo.gcx.clkx/wr_pntr_cdc_inst/src_clk
    SLICE_X42Y72         FDRE                                         r  jtag_spi_ila_i/jtag_axi_0/inst/jtag_axi_engine_u/rd_cmd_fifo_i/inst_fifo_gen/gconvfifo.rf/grf.rf/gntv_or_sync_fifo.gcx.clkx/wr_pntr_cdc_inst/src_gray_ff_reg[3]/C
  -------------------------------------------------------------------    -------------------
    SLICE_X42Y72         FDRE (Prop_fdre_C_Q)         0.478    -1.925 r  jtag_spi_ila_i/jtag_axi_0/inst/jtag_axi_engine_u/rd_cmd_fifo_i/inst_fifo_gen/gconvfifo.rf/grf.rf/gntv_or_sync_fifo.gcx.clkx/wr_pntr_cdc_inst/src_gray_ff_reg[3]/Q
                         net (fo=1, routed)           0.745    -1.180    jtag_spi_ila_i/jtag_axi_0/inst/jtag_axi_engine_u/rd_cmd_fifo_i/inst_fifo_gen/gconvfifo.rf/grf.rf/gntv_or_sync_fifo.gcx.clkx/wr_pntr_cdc_inst/async_path[3]
    SLICE_X42Y72         FDRE                                         r  jtag_spi_ila_i/jtag_axi_0/inst/jtag_axi_engine_u/rd_cmd_fifo_i/inst_fifo_gen/gconvfifo.rf/grf.rf/gntv_or_sync_fifo.gcx.clkx/wr_pntr_cdc_inst/dest_graysync_ff_reg[0][3]/D
  -------------------------------------------------------------------    -------------------

                         (clock clk_out1_jtag_spi_ila_clk_wiz_0 rise edge)
                                                      0.000     0.000 r  
    E3                   IBUF                         0.000     0.000 r  sys_clock_IBUF_inst/O
                         net (fo=2, routed)           1.162     1.162    jtag_spi_ila_i/clk_wiz/inst/clk_in1
    MMCME2_ADV_X1Y2      MMCME2_ADV (Prop_mmcme2_adv_CLKIN1_CLKOUT0)
                                                     -7.324    -6.162 r  jtag_spi_ila_i/clk_wiz/inst/mmcm_adv_inst/CLKOUT0
                         net (fo=1, routed)           1.639    -4.523    jtag_spi_ila_i/clk_wiz/inst/clk_out1_jtag_spi_ila_clk_wiz_0
    BUFGCTRL_X0Y16       BUFG (Prop_bufg_I_O)         0.091    -4.432 r  jtag_spi_ila_i/clk_wiz/inst/clkout1_buf/O
                         net (fo=3352, routed)        1.501    -2.930    jtag_spi_ila_i/jtag_axi_0/inst/jtag_axi_engine_u/rd_cmd_fifo_i/inst_fifo_gen/gconvfifo.rf/grf.rf/gntv_or_sync_fifo.gcx.clkx/wr_pntr_cdc_inst/dest_clk
    SLICE_X42Y72         FDRE                                         r  jtag_spi_ila_i/jtag_axi_0/inst/jtag_axi_engine_u/rd_cmd_fifo_i/inst_fifo_gen/gconvfifo.rf/grf.rf/gntv_or_sync_fifo.gcx.clkx/wr_pntr_cdc_inst/dest_graysync_ff_reg[0][3]/C
                         clock pessimism              0.527    -2.403    
    SLICE_X42Y72         FDRE (Setup_fdre_C_D)       -0.217    -2.620    jtag_spi_ila_i/jtag_axi_0/inst/jtag_axi_engine_u/rd_cmd_fifo_i/inst_fifo_gen/gconvfifo.rf/grf.rf/gntv_or_sync_fifo.gcx.clkx/wr_pntr_cdc_inst/dest_graysync_ff_reg[0][3]
  -------------------------------------------------------------------
                         data arrival                          -1.180    
                         clock arrival                         -2.620    
  -------------------------------------------------------------------
                         relative delay                         1.440    

Reference path:
    Location             Delay type                Incr(ns)  Path(ns)    Netlist Resource(s)
  -------------------------------------------------------------------    -------------------
                         (clock clk_out1_jtag_spi_ila_clk_wiz_0 rise edge)
                                                      0.000     0.000 r  
    E3                   IBUF                         0.000     0.000 r  sys_clock_IBUF_inst/O
                         net (fo=2, routed)           1.162     1.162    jtag_spi_ila_i/clk_wiz/inst/clk_in1
    MMCME2_ADV_X1Y2      MMCME2_ADV (Prop_mmcme2_adv_CLKIN1_CLKOUT0)
                                                     -7.324    -6.162 r  jtag_spi_ila_i/clk_wiz/inst/mmcm_adv_inst/CLKOUT0
                         net (fo=1, routed)           1.639    -4.523    jtag_spi_ila_i/clk_wiz/inst/clk_out1_jtag_spi_ila_clk_wiz_0
    BUFGCTRL_X0Y16       BUFG (Prop_bufg_I_O)         0.091    -4.432 r  jtag_spi_ila_i/clk_wiz/inst/clkout1_buf/O
                         net (fo=3352, routed)        1.506    -2.925    jtag_spi_ila_i/jtag_axi_0/inst/jtag_axi_engine_u/rd_cmd_fifo_i/inst_fifo_gen/gconvfifo.rf/grf.rf/gntv_or_sync_fifo.gcx.clkx/wr_pntr_cdc_inst/src_clk
    SLICE_X39Y71         FDRE                                         r  jtag_spi_ila_i/jtag_axi_0/inst/jtag_axi_engine_u/rd_cmd_fifo_i/inst_fifo_gen/gconvfifo.rf/grf.rf/gntv_or_sync_fifo.gcx.clkx/wr_pntr_cdc_inst/src_gray_ff_reg[2]/C
  -------------------------------------------------------------------    -------------------
    SLICE_X39Y71         FDRE (Prop_fdre_C_Q)         0.367    -2.558 r  jtag_spi_ila_i/jtag_axi_0/inst/jtag_axi_engine_u/rd_cmd_fifo_i/inst_fifo_gen/gconvfifo.rf/grf.rf/gntv_or_sync_fifo.gcx.clkx/wr_pntr_cdc_inst/src_gray_ff_reg[2]/Q
                         net (fo=1, routed)           0.484    -2.074    jtag_spi_ila_i/jtag_axi_0/inst/jtag_axi_engine_u/rd_cmd_fifo_i/inst_fifo_gen/gconvfifo.rf/grf.rf/gntv_or_sync_fifo.gcx.clkx/wr_pntr_cdc_inst/async_path[2]
    SLICE_X39Y71         FDRE                                         r  jtag_spi_ila_i/jtag_axi_0/inst/jtag_axi_engine_u/rd_cmd_fifo_i/inst_fifo_gen/gconvfifo.rf/grf.rf/gntv_or_sync_fifo.gcx.clkx/wr_pntr_cdc_inst/dest_graysync_ff_reg[0][2]/D
  -------------------------------------------------------------------    -------------------

                         (clock clk_out1_jtag_spi_ila_clk_wiz_0 rise edge)
                                                      0.000     0.000 r  
    E3                   IBUF                         0.000     0.000 r  sys_clock_IBUF_inst/O
                         net (fo=2, routed)           1.233     1.233    jtag_spi_ila_i/clk_wiz/inst/clk_in1
    MMCME2_ADV_X1Y2      MMCME2_ADV (Prop_mmcme2_adv_CLKIN1_CLKOUT0)
                                                     -7.070    -5.837 r  jtag_spi_ila_i/clk_wiz/inst/mmcm_adv_inst/CLKOUT0
                         net (fo=1, routed)           1.719    -4.118    jtag_spi_ila_i/clk_wiz/inst/clk_out1_jtag_spi_ila_clk_wiz_0
    BUFGCTRL_X0Y16       BUFG (Prop_bufg_I_O)         0.096    -4.022 r  jtag_spi_ila_i/clk_wiz/inst/clkout1_buf/O
                         net (fo=3352, routed)        1.625    -2.396    jtag_spi_ila_i/jtag_axi_0/inst/jtag_axi_engine_u/rd_cmd_fifo_i/inst_fifo_gen/gconvfifo.rf/grf.rf/gntv_or_sync_fifo.gcx.clkx/wr_pntr_cdc_inst/dest_clk
    SLICE_X39Y71         FDRE                                         r  jtag_spi_ila_i/jtag_axi_0/inst/jtag_axi_engine_u/rd_cmd_fifo_i/inst_fifo_gen/gconvfifo.rf/grf.rf/gntv_or_sync_fifo.gcx.clkx/wr_pntr_cdc_inst/dest_graysync_ff_reg[0][2]/C
                         clock pessimism             -0.529    -2.925    
    SLICE_X39Y71         FDRE (Hold_fdre_C_D)         0.169    -2.756    jtag_spi_ila_i/jtag_axi_0/inst/jtag_axi_engine_u/rd_cmd_fifo_i/inst_fifo_gen/gconvfifo.rf/grf.rf/gntv_or_sync_fifo.gcx.clkx/wr_pntr_cdc_inst/dest_graysync_ff_reg[0][2]
  -------------------------------------------------------------------
                         data arrival                          -2.074    
                         clock arrival                         -2.756    
  -------------------------------------------------------------------
                         relative delay                         0.682    



Id: 9
set_bus_skew -from [get_cells [list {dbg_hub/inst/BSCANID.u_xsdbm_id/CORE_XSDB.UUT_MASTER/U_ICON_INTERFACE/U_CMD6_RD/U_RD_FIFO/SUBCORE_FIFO.xsdbm_v3_0_0_rdfifo_inst/inst_fifo_gen/gconvfifo.rf/grf.rf/gntv_or_sync_fifo.gcx.clkx/gnxpm_cdc.rd_pntr_gc_reg[0]} {dbg_hub/inst/BSCANID.u_xsdbm_id/CORE_XSDB.UUT_MASTER/U_ICON_INTERFACE/U_CMD6_RD/U_RD_FIFO/SUBCORE_FIFO.xsdbm_v3_0_0_rdfifo_inst/inst_fifo_gen/gconvfifo.rf/grf.rf/gntv_or_sync_fifo.gcx.clkx/gnxpm_cdc.rd_pntr_gc_reg[1]} {dbg_hub/inst/BSCANID.u_xsdbm_id/CORE_XSDB.UUT_MASTER/U_ICON_INTERFACE/U_CMD6_RD/U_RD_FIFO/SUBCORE_FIFO.xsdbm_v3_0_0_rdfifo_inst/inst_fifo_gen/gconvfifo.rf/grf.rf/gntv_or_sync_fifo.gcx.clkx/gnxpm_cdc.rd_pntr_gc_reg[2]} {dbg_hub/inst/BSCANID.u_xsdbm_id/CORE_XSDB.UUT_MASTER/U_ICON_INTERFACE/U_CMD6_RD/U_RD_FIFO/SUBCORE_FIFO.xsdbm_v3_0_0_rdfifo_inst/inst_fifo_gen/gconvfifo.rf/grf.rf/gntv_or_sync_fifo.gcx.clkx/gnxpm_cdc.rd_pntr_gc_reg[3]}]] -to [get_cells [list {dbg_hub/inst/BSCANID.u_xsdbm_id/CORE_XSDB.UUT_MASTER/U_ICON_INTERFACE/U_CMD6_RD/U_RD_FIFO/SUBCORE_FIFO.xsdbm_v3_0_0_rdfifo_inst/inst_fifo_gen/gconvfifo.rf/grf.rf/gntv_or_sync_fifo.gcx.clkx/gnxpm_cdc.gsync_stage[1].wr_stg_inst/Q_reg_reg[0]} {dbg_hub/inst/BSCANID.u_xsdbm_id/CORE_XSDB.UUT_MASTER/U_ICON_INTERFACE/U_CMD6_RD/U_RD_FIFO/SUBCORE_FIFO.xsdbm_v3_0_0_rdfifo_inst/inst_fifo_gen/gconvfifo.rf/grf.rf/gntv_or_sync_fifo.gcx.clkx/gnxpm_cdc.gsync_stage[1].wr_stg_inst/Q_reg_reg[1]} {dbg_hub/inst/BSCANID.u_xsdbm_id/CORE_XSDB.UUT_MASTER/U_ICON_INTERFACE/U_CMD6_RD/U_RD_FIFO/SUBCORE_FIFO.xsdbm_v3_0_0_rdfifo_inst/inst_fifo_gen/gconvfifo.rf/grf.rf/gntv_or_sync_fifo.gcx.clkx/gnxpm_cdc.gsync_stage[1].wr_stg_inst/Q_reg_reg[2]} {dbg_hub/inst/BSCANID.u_xsdbm_id/CORE_XSDB.UUT_MASTER/U_ICON_INTERFACE/U_CMD6_RD/U_RD_FIFO/SUBCORE_FIFO.xsdbm_v3_0_0_rdfifo_inst/inst_fifo_gen/gconvfifo.rf/grf.rf/gntv_or_sync_fifo.gcx.clkx/gnxpm_cdc.gsync_stage[1].wr_stg_inst/Q_reg_reg[3]}]] 10.000
Requirement: 10.000ns
Endpoints: 4

From Clock            To Clock              Endpoint Pin                    Reference Pin                   Corner  Actual(ns)  Slack(ns)
--------------------  --------------------  ------------------------------  ------------------------------  ------  ----------  ---------
dbg_hub/inst/BSCANID.u_xsdbm_id/SWITCH_N_EXT_BSCAN.bscan_inst/SERIES7_BSCAN.bscan_inst/TCK
                      clk_out1_jtag_spi_ila_clk_wiz_0
                                            dbg_hub/inst/BSCANID.u_xsdbm_id/CORE_XSDB.UUT_MASTER/U_ICON_INTERFACE/U_CMD6_RD/U_RD_FIFO/SUBCORE_FIFO.xsdbm_v3_0_0_rdfifo_inst/inst_fifo_gen/gconvfifo.rf/grf.rf/gntv_or_sync_fifo.gcx.clkx/gnxpm_cdc.gsync_stage[1].wr_stg_inst/Q_reg_reg[2]/D
                                                                            dbg_hub/inst/BSCANID.u_xsdbm_id/CORE_XSDB.UUT_MASTER/U_ICON_INTERFACE/U_CMD6_RD/U_RD_FIFO/SUBCORE_FIFO.xsdbm_v3_0_0_rdfifo_inst/inst_fifo_gen/gconvfifo.rf/grf.rf/gntv_or_sync_fifo.gcx.clkx/gnxpm_cdc.gsync_stage[1].wr_stg_inst/Q_reg_reg[0]/D
                                                                                                            Slow         1.057      8.943


Slack (MET) :             8.943ns  (requirement - actual skew)
  Endpoint Source:        dbg_hub/inst/BSCANID.u_xsdbm_id/CORE_XSDB.UUT_MASTER/U_ICON_INTERFACE/U_CMD6_RD/U_RD_FIFO/SUBCORE_FIFO.xsdbm_v3_0_0_rdfifo_inst/inst_fifo_gen/gconvfifo.rf/grf.rf/gntv_or_sync_fifo.gcx.clkx/gnxpm_cdc.rd_pntr_gc_reg[2]/C
                            (rising edge-triggered cell FDCE clocked by dbg_hub/inst/BSCANID.u_xsdbm_id/SWITCH_N_EXT_BSCAN.bscan_inst/SERIES7_BSCAN.bscan_inst/TCK)
  Endpoint Destination:   dbg_hub/inst/BSCANID.u_xsdbm_id/CORE_XSDB.UUT_MASTER/U_ICON_INTERFACE/U_CMD6_RD/U_RD_FIFO/SUBCORE_FIFO.xsdbm_v3_0_0_rdfifo_inst/inst_fifo_gen/gconvfifo.rf/grf.rf/gntv_or_sync_fifo.gcx.clkx/gnxpm_cdc.gsync_stage[1].wr_stg_inst/Q_reg_reg[2]/D
                            (rising edge-triggered cell FDCE clocked by clk_out1_jtag_spi_ila_clk_wiz_0)
  Reference Source:       dbg_hub/inst/BSCANID.u_xsdbm_id/CORE_XSDB.UUT_MASTER/U_ICON_INTERFACE/U_CMD6_RD/U_RD_FIFO/SUBCORE_FIFO.xsdbm_v3_0_0_rdfifo_inst/inst_fifo_gen/gconvfifo.rf/grf.rf/gntv_or_sync_fifo.gcx.clkx/gnxpm_cdc.rd_pntr_gc_reg[0]/C
                            (rising edge-triggered cell FDCE clocked by dbg_hub/inst/BSCANID.u_xsdbm_id/SWITCH_N_EXT_BSCAN.bscan_inst/SERIES7_BSCAN.bscan_inst/TCK)
  Reference Destination:  dbg_hub/inst/BSCANID.u_xsdbm_id/CORE_XSDB.UUT_MASTER/U_ICON_INTERFACE/U_CMD6_RD/U_RD_FIFO/SUBCORE_FIFO.xsdbm_v3_0_0_rdfifo_inst/inst_fifo_gen/gconvfifo.rf/grf.rf/gntv_or_sync_fifo.gcx.clkx/gnxpm_cdc.gsync_stage[1].wr_stg_inst/Q_reg_reg[0]/D
                            (rising edge-triggered cell FDCE clocked by clk_out1_jtag_spi_ila_clk_wiz_0)
  Path Type:              Bus Skew (Max at Slow Process Corner)
  Requirement:            10.000ns
  Endpoint Relative Delay:    8.108ns
  Reference Relative Delay:   6.164ns
  Relative CRPR:              0.887ns
  Actual Bus Skew:            1.057ns  (Endpoint Relative Delay - Reference Relative Delay - Relative CRPR)

Endpoint path:
    Location             Delay type                Incr(ns)  Path(ns)    Netlist Resource(s)
  -------------------------------------------------------------------    -------------------
                         (clock dbg_hub/inst/BSCANID.u_xsdbm_id/SWITCH_N_EXT_BSCAN.bscan_inst/SERIES7_BSCAN.bscan_inst/TCK rise edge)
                                                      0.000     0.000 r  
    BSCAN_X0Y0           BSCANE2                      0.000     0.000 r  dbg_hub/inst/BSCANID.u_xsdbm_id/SWITCH_N_EXT_BSCAN.bscan_inst/SERIES7_BSCAN.bscan_inst/TCK
                         net (fo=1, routed)           1.944     1.944    dbg_hub/inst/BSCANID.u_xsdbm_id/tck_bs
    BUFGCTRL_X0Y0        BUFG (Prop_bufg_I_O)         0.096     2.040 r  dbg_hub/inst/BSCANID.u_xsdbm_id/SWITCH_N_EXT_BSCAN.u_bufg_icon_tck/O
                         net (fo=486, routed)         1.629     3.670    dbg_hub/inst/BSCANID.u_xsdbm_id/CORE_XSDB.UUT_MASTER/U_ICON_INTERFACE/U_CMD6_RD/U_RD_FIFO/SUBCORE_FIFO.xsdbm_v3_0_0_rdfifo_inst/inst_fifo_gen/gconvfifo.rf/grf.rf/gntv_or_sync_fifo.gcx.clkx/rd_clk
    SLICE_X58Y97         FDCE                                         r  dbg_hub/inst/BSCANID.u_xsdbm_id/CORE_XSDB.UUT_MASTER/U_ICON_INTERFACE/U_CMD6_RD/U_RD_FIFO/SUBCORE_FIFO.xsdbm_v3_0_0_rdfifo_inst/inst_fifo_gen/gconvfifo.rf/grf.rf/gntv_or_sync_fifo.gcx.clkx/gnxpm_cdc.rd_pntr_gc_reg[2]/C
  -------------------------------------------------------------------    -------------------
    SLICE_X58Y97         FDCE (Prop_fdce_C_Q)         0.478     4.148 r  dbg_hub/inst/BSCANID.u_xsdbm_id/CORE_XSDB.UUT_MASTER/U_ICON_INTERFACE/U_CMD6_RD/U_RD_FIFO/SUBCORE_FIFO.xsdbm_v3_0_0_rdfifo_inst/inst_fifo_gen/gconvfifo.rf/grf.rf/gntv_or_sync_fifo.gcx.clkx/gnxpm_cdc.rd_pntr_gc_reg[2]/Q
                         net (fo=1, routed)           0.811     4.959    dbg_hub/inst/BSCANID.u_xsdbm_id/CORE_XSDB.UUT_MASTER/U_ICON_INTERFACE/U_CMD6_RD/U_RD_FIFO/SUBCORE_FIFO.xsdbm_v3_0_0_rdfifo_inst/inst_fifo_gen/gconvfifo.rf/grf.rf/gntv_or_sync_fifo.gcx.clkx/gnxpm_cdc.gsync_stage[1].wr_stg_inst/Q[2]
    SLICE_X60Y99         FDCE                                         r  dbg_hub/inst/BSCANID.u_xsdbm_id/CORE_XSDB.UUT_MASTER/U_ICON_INTERFACE/U_CMD6_RD/U_RD_FIFO/SUBCORE_FIFO.xsdbm_v3_0_0_rdfifo_inst/inst_fifo_gen/gconvfifo.rf/grf.rf/gntv_or_sync_fifo.gcx.clkx/gnxpm_cdc.gsync_stage[1].wr_stg_inst/Q_reg_reg[2]/D
  -------------------------------------------------------------------    -------------------

                         (clock clk_out1_jtag_spi_ila_clk_wiz_0 rise edge)
                                                      0.000     0.000 r  
    E3                   IBUF                         0.000     0.000 r  sys_clock_IBUF_inst/O
                         net (fo=2, routed)           1.162     1.162    jtag_spi_ila_i/clk_wiz/inst/clk_in1
    MMCME2_ADV_X1Y2      MMCME2_ADV (Prop_mmcme2_adv_CLKIN1_CLKOUT0)
                                                     -7.324    -6.162 r  jtag_spi_ila_i/clk_wiz/inst/mmcm_adv_inst/CLKOUT0
                         net (fo=1, routed)           1.639    -4.523    jtag_spi_ila_i/clk_wiz/inst/clk_out1_jtag_spi_ila_clk_wiz_0
    BUFGCTRL_X0Y16       BUFG (Prop_bufg_I_O)         0.091    -4.432 r  jtag_spi_ila_i/clk_wiz/inst/clkout1_buf/O
                         net (fo=3352, routed)        1.510    -2.921    dbg_hub/inst/BSCANID.u_xsdbm_id/CORE_XSDB.UUT_MASTER/U_ICON_INTERFACE/U_CMD6_RD/U_RD_FIFO/SUBCORE_FIFO.xsdbm_v3_0_0_rdfifo_inst/inst_fifo_gen/gconvfifo.rf/grf.rf/gntv_or_sync_fifo.gcx.clkx/gnxpm_cdc.gsync_stage[1].wr_stg_inst/wr_clk
    SLICE_X60Y99         FDCE                                         r  dbg_hub/inst/BSCANID.u_xsdbm_id/CORE_XSDB.UUT_MASTER/U_ICON_INTERFACE/U_CMD6_RD/U_RD_FIFO/SUBCORE_FIFO.xsdbm_v3_0_0_rdfifo_inst/inst_fifo_gen/gconvfifo.rf/grf.rf/gntv_or_sync_fifo.gcx.clkx/gnxpm_cdc.gsync_stage[1].wr_stg_inst/Q_reg_reg[2]/C
                         clock pessimism              0.000    -2.921    
    SLICE_X60Y99         FDCE (Setup_fdce_C_D)       -0.228    -3.149    dbg_hub/inst/BSCANID.u_xsdbm_id/CORE_XSDB.UUT_MASTER/U_ICON_INTERFACE/U_CMD6_RD/U_RD_FIFO/SUBCORE_FIFO.xsdbm_v3_0_0_rdfifo_inst/inst_fifo_gen/gconvfifo.rf/grf.rf/gntv_or_sync_fifo.gcx.clkx/gnxpm_cdc.gsync_stage[1].wr_stg_inst/Q_reg_reg[2]
  -------------------------------------------------------------------
                         data arrival                           4.959    
                         clock arrival                         -3.149    
  -------------------------------------------------------------------
                         relative delay                         8.108    

Reference path:
    Location             Delay type                Incr(ns)  Path(ns)    Netlist Resource(s)
  -------------------------------------------------------------------    -------------------
                         (clock dbg_hub/inst/BSCANID.u_xsdbm_id/SWITCH_N_EXT_BSCAN.bscan_inst/SERIES7_BSCAN.bscan_inst/TCK rise edge)
                                                      0.000     0.000 r  
    BSCAN_X0Y0           BSCANE2                      0.000     0.000 r  dbg_hub/inst/BSCANID.u_xsdbm_id/SWITCH_N_EXT_BSCAN.bscan_inst/SERIES7_BSCAN.bscan_inst/TCK
                         net (fo=1, routed)           1.668     1.668    dbg_hub/inst/BSCANID.u_xsdbm_id/tck_bs
    BUFGCTRL_X0Y0        BUFG (Prop_bufg_I_O)         0.091     1.759 r  dbg_hub/inst/BSCANID.u_xsdbm_id/SWITCH_N_EXT_BSCAN.u_bufg_icon_tck/O
                         net (fo=486, routed)         1.507     3.267    dbg_hub/inst/BSCANID.u_xsdbm_id/CORE_XSDB.UUT_MASTER/U_ICON_INTERFACE/U_CMD6_RD/U_RD_FIFO/SUBCORE_FIFO.xsdbm_v3_0_0_rdfifo_inst/inst_fifo_gen/gconvfifo.rf/grf.rf/gntv_or_sync_fifo.gcx.clkx/rd_clk
    SLICE_X59Y97         FDCE                                         r  dbg_hub/inst/BSCANID.u_xsdbm_id/CORE_XSDB.UUT_MASTER/U_ICON_INTERFACE/U_CMD6_RD/U_RD_FIFO/SUBCORE_FIFO.xsdbm_v3_0_0_rdfifo_inst/inst_fifo_gen/gconvfifo.rf/grf.rf/gntv_or_sync_fifo.gcx.clkx/gnxpm_cdc.rd_pntr_gc_reg[0]/C
  -------------------------------------------------------------------    -------------------
    SLICE_X59Y97         FDCE (Prop_fdce_C_Q)         0.367     3.634 r  dbg_hub/inst/BSCANID.u_xsdbm_id/CORE_XSDB.UUT_MASTER/U_ICON_INTERFACE/U_CMD6_RD/U_RD_FIFO/SUBCORE_FIFO.xsdbm_v3_0_0_rdfifo_inst/inst_fifo_gen/gconvfifo.rf/grf.rf/gntv_or_sync_fifo.gcx.clkx/gnxpm_cdc.rd_pntr_gc_reg[0]/Q
                         net (fo=1, routed)           0.370     4.004    dbg_hub/inst/BSCANID.u_xsdbm_id/CORE_XSDB.UUT_MASTER/U_ICON_INTERFACE/U_CMD6_RD/U_RD_FIFO/SUBCORE_FIFO.xsdbm_v3_0_0_rdfifo_inst/inst_fifo_gen/gconvfifo.rf/grf.rf/gntv_or_sync_fifo.gcx.clkx/gnxpm_cdc.gsync_stage[1].wr_stg_inst/Q[0]
    SLICE_X60Y97         FDCE                                         r  dbg_hub/inst/BSCANID.u_xsdbm_id/CORE_XSDB.UUT_MASTER/U_ICON_INTERFACE/U_CMD6_RD/U_RD_FIFO/SUBCORE_FIFO.xsdbm_v3_0_0_rdfifo_inst/inst_fifo_gen/gconvfifo.rf/grf.rf/gntv_or_sync_fifo.gcx.clkx/gnxpm_cdc.gsync_stage[1].wr_stg_inst/Q_reg_reg[0]/D
  -------------------------------------------------------------------    -------------------

                         (clock clk_out1_jtag_spi_ila_clk_wiz_0 rise edge)
                                                      0.000     0.000 r  
    E3                   IBUF                         0.000     0.000 r  sys_clock_IBUF_inst/O
                         net (fo=2, routed)           1.233     1.233    jtag_spi_ila_i/clk_wiz/inst/clk_in1
    MMCME2_ADV_X1Y2      MMCME2_ADV (Prop_mmcme2_adv_CLKIN1_CLKOUT0)
                                                     -7.070    -5.837 r  jtag_spi_ila_i/clk_wiz/inst/mmcm_adv_inst/CLKOUT0
                         net (fo=1, routed)           1.719    -4.118    jtag_spi_ila_i/clk_wiz/inst/clk_out1_jtag_spi_ila_clk_wiz_0
    BUFGCTRL_X0Y16       BUFG (Prop_bufg_I_O)         0.096    -4.022 r  jtag_spi_ila_i/clk_wiz/inst/clkout1_buf/O
                         net (fo=3352, routed)        1.631    -2.390    dbg_hub/inst/BSCANID.u_xsdbm_id/CORE_XSDB.UUT_MASTER/U_ICON_INTERFACE/U_CMD6_RD/U_RD_FIFO/SUBCORE_FIFO.xsdbm_v3_0_0_rdfifo_inst/inst_fifo_gen/gconvfifo.rf/grf.rf/gntv_or_sync_fifo.gcx.clkx/gnxpm_cdc.gsync_stage[1].wr_stg_inst/wr_clk
    SLICE_X60Y97         FDCE                                         r  dbg_hub/inst/BSCANID.u_xsdbm_id/CORE_XSDB.UUT_MASTER/U_ICON_INTERFACE/U_CMD6_RD/U_RD_FIFO/SUBCORE_FIFO.xsdbm_v3_0_0_rdfifo_inst/inst_fifo_gen/gconvfifo.rf/grf.rf/gntv_or_sync_fifo.gcx.clkx/gnxpm_cdc.gsync_stage[1].wr_stg_inst/Q_reg_reg[0]/C
                         clock pessimism              0.000    -2.390    
    SLICE_X60Y97         FDCE (Hold_fdce_C_D)         0.230    -2.160    dbg_hub/inst/BSCANID.u_xsdbm_id/CORE_XSDB.UUT_MASTER/U_ICON_INTERFACE/U_CMD6_RD/U_RD_FIFO/SUBCORE_FIFO.xsdbm_v3_0_0_rdfifo_inst/inst_fifo_gen/gconvfifo.rf/grf.rf/gntv_or_sync_fifo.gcx.clkx/gnxpm_cdc.gsync_stage[1].wr_stg_inst/Q_reg_reg[0]
  -------------------------------------------------------------------
                         data arrival                           4.004    
                         clock arrival                         -2.160    
  -------------------------------------------------------------------
                         relative delay                         6.164    



Id: 10
set_bus_skew -from [get_cells [list {dbg_hub/inst/BSCANID.u_xsdbm_id/CORE_XSDB.UUT_MASTER/U_ICON_INTERFACE/U_CMD6_RD/U_RD_FIFO/SUBCORE_FIFO.xsdbm_v3_0_0_rdfifo_inst/inst_fifo_gen/gconvfifo.rf/grf.rf/gntv_or_sync_fifo.gcx.clkx/gnxpm_cdc.wr_pntr_gc_reg[0]} {dbg_hub/inst/BSCANID.u_xsdbm_id/CORE_XSDB.UUT_MASTER/U_ICON_INTERFACE/U_CMD6_RD/U_RD_FIFO/SUBCORE_FIFO.xsdbm_v3_0_0_rdfifo_inst/inst_fifo_gen/gconvfifo.rf/grf.rf/gntv_or_sync_fifo.gcx.clkx/gnxpm_cdc.wr_pntr_gc_reg[1]} {dbg_hub/inst/BSCANID.u_xsdbm_id/CORE_XSDB.UUT_MASTER/U_ICON_INTERFACE/U_CMD6_RD/U_RD_FIFO/SUBCORE_FIFO.xsdbm_v3_0_0_rdfifo_inst/inst_fifo_gen/gconvfifo.rf/grf.rf/gntv_or_sync_fifo.gcx.clkx/gnxpm_cdc.wr_pntr_gc_reg[2]} {dbg_hub/inst/BSCANID.u_xsdbm_id/CORE_XSDB.UUT_MASTER/U_ICON_INTERFACE/U_CMD6_RD/U_RD_FIFO/SUBCORE_FIFO.xsdbm_v3_0_0_rdfifo_inst/inst_fifo_gen/gconvfifo.rf/grf.rf/gntv_or_sync_fifo.gcx.clkx/gnxpm_cdc.wr_pntr_gc_reg[3]}]] -to [get_cells [list {dbg_hub/inst/BSCANID.u_xsdbm_id/CORE_XSDB.UUT_MASTER/U_ICON_INTERFACE/U_CMD6_RD/U_RD_FIFO/SUBCORE_FIFO.xsdbm_v3_0_0_rdfifo_inst/inst_fifo_gen/gconvfifo.rf/grf.rf/gntv_or_sync_fifo.gcx.clkx/gnxpm_cdc.gsync_stage[1].rd_stg_inst/Q_reg_reg[0]} {dbg_hub/inst/BSCANID.u_xsdbm_id/CORE_XSDB.UUT_MASTER/U_ICON_INTERFACE/U_CMD6_RD/U_RD_FIFO/SUBCORE_FIFO.xsdbm_v3_0_0_rdfifo_inst/inst_fifo_gen/gconvfifo.rf/grf.rf/gntv_or_sync_fifo.gcx.clkx/gnxpm_cdc.gsync_stage[1].rd_stg_inst/Q_reg_reg[1]} {dbg_hub/inst/BSCANID.u_xsdbm_id/CORE_XSDB.UUT_MASTER/U_ICON_INTERFACE/U_CMD6_RD/U_RD_FIFO/SUBCORE_FIFO.xsdbm_v3_0_0_rdfifo_inst/inst_fifo_gen/gconvfifo.rf/grf.rf/gntv_or_sync_fifo.gcx.clkx/gnxpm_cdc.gsync_stage[1].rd_stg_inst/Q_reg_reg[2]} {dbg_hub/inst/BSCANID.u_xsdbm_id/CORE_XSDB.UUT_MASTER/U_ICON_INTERFACE/U_CMD6_RD/U_RD_FIFO/SUBCORE_FIFO.xsdbm_v3_0_0_rdfifo_inst/inst_fifo_gen/gconvfifo.rf/grf.rf/gntv_or_sync_fifo.gcx.clkx/gnxpm_cdc.gsync_stage[1].rd_stg_inst/Q_reg_reg[3]}]] 10.000
Requirement: 10.000ns
Endpoints: 4

From Clock            To Clock              Endpoint Pin                    Reference Pin                   Corner  Actual(ns)  Slack(ns)
--------------------  --------------------  ------------------------------  ------------------------------  ------  ----------  ---------
clk_out1_jtag_spi_ila_clk_wiz_0
                      dbg_hub/inst/BSCANID.u_xsdbm_id/SWITCH_N_EXT_BSCAN.bscan_inst/SERIES7_BSCAN.bscan_inst/TCK
                                            dbg_hub/inst/BSCANID.u_xsdbm_id/CORE_XSDB.UUT_MASTER/U_ICON_INTERFACE/U_CMD6_RD/U_RD_FIFO/SUBCORE_FIFO.xsdbm_v3_0_0_rdfifo_inst/inst_fifo_gen/gconvfifo.rf/grf.rf/gntv_or_sync_fifo.gcx.clkx/gnxpm_cdc.gsync_stage[1].rd_stg_inst/Q_reg_reg[2]/D
                                                                            dbg_hub/inst/BSCANID.u_xsdbm_id/CORE_XSDB.UUT_MASTER/U_ICON_INTERFACE/U_CMD6_RD/U_RD_FIFO/SUBCORE_FIFO.xsdbm_v3_0_0_rdfifo_inst/inst_fifo_gen/gconvfifo.rf/grf.rf/gntv_or_sync_fifo.gcx.clkx/gnxpm_cdc.gsync_stage[1].rd_stg_inst/Q_reg_reg[1]/D
                                                                                                            Slow         0.831      9.169


Slack (MET) :             9.169ns  (requirement - actual skew)
  Endpoint Source:        dbg_hub/inst/BSCANID.u_xsdbm_id/CORE_XSDB.UUT_MASTER/U_ICON_INTERFACE/U_CMD6_RD/U_RD_FIFO/SUBCORE_FIFO.xsdbm_v3_0_0_rdfifo_inst/inst_fifo_gen/gconvfifo.rf/grf.rf/gntv_or_sync_fifo.gcx.clkx/gnxpm_cdc.wr_pntr_gc_reg[2]/C
                            (rising edge-triggered cell FDCE clocked by clk_out1_jtag_spi_ila_clk_wiz_0)
  Endpoint Destination:   dbg_hub/inst/BSCANID.u_xsdbm_id/CORE_XSDB.UUT_MASTER/U_ICON_INTERFACE/U_CMD6_RD/U_RD_FIFO/SUBCORE_FIFO.xsdbm_v3_0_0_rdfifo_inst/inst_fifo_gen/gconvfifo.rf/grf.rf/gntv_or_sync_fifo.gcx.clkx/gnxpm_cdc.gsync_stage[1].rd_stg_inst/Q_reg_reg[2]/D
                            (rising edge-triggered cell FDCE clocked by dbg_hub/inst/BSCANID.u_xsdbm_id/SWITCH_N_EXT_BSCAN.bscan_inst/SERIES7_BSCAN.bscan_inst/TCK)
  Reference Source:       dbg_hub/inst/BSCANID.u_xsdbm_id/CORE_XSDB.UUT_MASTER/U_ICON_INTERFACE/U_CMD6_RD/U_RD_FIFO/SUBCORE_FIFO.xsdbm_v3_0_0_rdfifo_inst/inst_fifo_gen/gconvfifo.rf/grf.rf/gntv_or_sync_fifo.gcx.clkx/gnxpm_cdc.wr_pntr_gc_reg[1]/C
                            (rising edge-triggered cell FDCE clocked by clk_out1_jtag_spi_ila_clk_wiz_0)
  Reference Destination:  dbg_hub/inst/BSCANID.u_xsdbm_id/CORE_XSDB.UUT_MASTER/U_ICON_INTERFACE/U_CMD6_RD/U_RD_FIFO/SUBCORE_FIFO.xsdbm_v3_0_0_rdfifo_inst/inst_fifo_gen/gconvfifo.rf/grf.rf/gntv_or_sync_fifo.gcx.clkx/gnxpm_cdc.gsync_stage[1].rd_stg_inst/Q_reg_reg[1]/D
                            (rising edge-triggered cell FDCE clocked by dbg_hub/inst/BSCANID.u_xsdbm_id/SWITCH_N_EXT_BSCAN.bscan_inst/SERIES7_BSCAN.bscan_inst/TCK)
  Path Type:              Bus Skew (Max at Slow Process Corner)
  Requirement:            10.000ns
  Endpoint Relative Delay:   -4.186ns
  Reference Relative Delay:  -5.907ns
  Relative CRPR:              0.890ns
  Actual Bus Skew:            0.831ns  (Endpoint Relative Delay - Reference Relative Delay - Relative CRPR)

Endpoint path:
    Location             Delay type                Incr(ns)  Path(ns)    Netlist Resource(s)
  -------------------------------------------------------------------    -------------------
                         (clock clk_out1_jtag_spi_ila_clk_wiz_0 rise edge)
                                                      0.000     0.000 r  
    E3                   IBUF                         0.000     0.000 r  sys_clock_IBUF_inst/O
                         net (fo=2, routed)           1.233     1.233    jtag_spi_ila_i/clk_wiz/inst/clk_in1
    MMCME2_ADV_X1Y2      MMCME2_ADV (Prop_mmcme2_adv_CLKIN1_CLKOUT0)
                                                     -7.070    -5.837 r  jtag_spi_ila_i/clk_wiz/inst/mmcm_adv_inst/CLKOUT0
                         net (fo=1, routed)           1.719    -4.118    jtag_spi_ila_i/clk_wiz/inst/clk_out1_jtag_spi_ila_clk_wiz_0
    BUFGCTRL_X0Y16       BUFG (Prop_bufg_I_O)         0.096    -4.022 r  jtag_spi_ila_i/clk_wiz/inst/clkout1_buf/O
                         net (fo=3352, routed)        1.630    -2.391    dbg_hub/inst/BSCANID.u_xsdbm_id/CORE_XSDB.UUT_MASTER/U_ICON_INTERFACE/U_CMD6_RD/U_RD_FIFO/SUBCORE_FIFO.xsdbm_v3_0_0_rdfifo_inst/inst_fifo_gen/gconvfifo.rf/grf.rf/gntv_or_sync_fifo.gcx.clkx/wr_clk
    SLICE_X58Y96         FDCE                                         r  dbg_hub/inst/BSCANID.u_xsdbm_id/CORE_XSDB.UUT_MASTER/U_ICON_INTERFACE/U_CMD6_RD/U_RD_FIFO/SUBCORE_FIFO.xsdbm_v3_0_0_rdfifo_inst/inst_fifo_gen/gconvfifo.rf/grf.rf/gntv_or_sync_fifo.gcx.clkx/gnxpm_cdc.wr_pntr_gc_reg[2]/C
  -------------------------------------------------------------------    -------------------
    SLICE_X58Y96         FDCE (Prop_fdce_C_Q)         0.518    -1.873 r  dbg_hub/inst/BSCANID.u_xsdbm_id/CORE_XSDB.UUT_MASTER/U_ICON_INTERFACE/U_CMD6_RD/U_RD_FIFO/SUBCORE_FIFO.xsdbm_v3_0_0_rdfifo_inst/inst_fifo_gen/gconvfifo.rf/grf.rf/gntv_or_sync_fifo.gcx.clkx/gnxpm_cdc.wr_pntr_gc_reg[2]/Q
                         net (fo=1, routed)           0.907    -0.967    dbg_hub/inst/BSCANID.u_xsdbm_id/CORE_XSDB.UUT_MASTER/U_ICON_INTERFACE/U_CMD6_RD/U_RD_FIFO/SUBCORE_FIFO.xsdbm_v3_0_0_rdfifo_inst/inst_fifo_gen/gconvfifo.rf/grf.rf/gntv_or_sync_fifo.gcx.clkx/gnxpm_cdc.gsync_stage[1].rd_stg_inst/Q[2]
    SLICE_X58Y97         FDCE                                         r  dbg_hub/inst/BSCANID.u_xsdbm_id/CORE_XSDB.UUT_MASTER/U_ICON_INTERFACE/U_CMD6_RD/U_RD_FIFO/SUBCORE_FIFO.xsdbm_v3_0_0_rdfifo_inst/inst_fifo_gen/gconvfifo.rf/grf.rf/gntv_or_sync_fifo.gcx.clkx/gnxpm_cdc.gsync_stage[1].rd_stg_inst/Q_reg_reg[2]/D
  -------------------------------------------------------------------    -------------------

                         (clock dbg_hub/inst/BSCANID.u_xsdbm_id/SWITCH_N_EXT_BSCAN.bscan_inst/SERIES7_BSCAN.bscan_inst/TCK rise edge)
                                                      0.000     0.000 r  
    BSCAN_X0Y0           BSCANE2                      0.000     0.000 r  dbg_hub/inst/BSCANID.u_xsdbm_id/SWITCH_N_EXT_BSCAN.bscan_inst/SERIES7_BSCAN.bscan_inst/TCK
                         net (fo=1, routed)           1.668     1.668    dbg_hub/inst/BSCANID.u_xsdbm_id/tck_bs
    BUFGCTRL_X0Y0        BUFG (Prop_bufg_I_O)         0.091     1.759 r  dbg_hub/inst/BSCANID.u_xsdbm_id/SWITCH_N_EXT_BSCAN.u_bufg_icon_tck/O
                         net (fo=486, routed)         1.507     3.267    dbg_hub/inst/BSCANID.u_xsdbm_id/CORE_XSDB.UUT_MASTER/U_ICON_INTERFACE/U_CMD6_RD/U_RD_FIFO/SUBCORE_FIFO.xsdbm_v3_0_0_rdfifo_inst/inst_fifo_gen/gconvfifo.rf/grf.rf/gntv_or_sync_fifo.gcx.clkx/gnxpm_cdc.gsync_stage[1].rd_stg_inst/rd_clk
    SLICE_X58Y97         FDCE                                         r  dbg_hub/inst/BSCANID.u_xsdbm_id/CORE_XSDB.UUT_MASTER/U_ICON_INTERFACE/U_CMD6_RD/U_RD_FIFO/SUBCORE_FIFO.xsdbm_v3_0_0_rdfifo_inst/inst_fifo_gen/gconvfifo.rf/grf.rf/gntv_or_sync_fifo.gcx.clkx/gnxpm_cdc.gsync_stage[1].rd_stg_inst/Q_reg_reg[2]/C
                         clock pessimism              0.000     3.267    
    SLICE_X58Y97         FDCE (Setup_fdce_C_D)       -0.047     3.220    dbg_hub/inst/BSCANID.u_xsdbm_id/CORE_XSDB.UUT_MASTER/U_ICON_INTERFACE/U_CMD6_RD/U_RD_FIFO/SUBCORE_FIFO.xsdbm_v3_0_0_rdfifo_inst/inst_fifo_gen/gconvfifo.rf/grf.rf/gntv_or_sync_fifo.gcx.clkx/gnxpm_cdc.gsync_stage[1].rd_stg_inst/Q_reg_reg[2]
  -------------------------------------------------------------------
                         data arrival                          -0.967    
                         clock arrival                          3.220    
  -------------------------------------------------------------------
                         relative delay                        -4.186    

Reference path:
    Location             Delay type                Incr(ns)  Path(ns)    Netlist Resource(s)
  -------------------------------------------------------------------    -------------------
                         (clock clk_out1_jtag_spi_ila_clk_wiz_0 rise edge)
                                                      0.000     0.000 r  
    E3                   IBUF                         0.000     0.000 r  sys_clock_IBUF_inst/O
                         net (fo=2, routed)           1.162     1.162    jtag_spi_ila_i/clk_wiz/inst/clk_in1
    MMCME2_ADV_X1Y2      MMCME2_ADV (Prop_mmcme2_adv_CLKIN1_CLKOUT0)
                                                     -7.324    -6.162 r  jtag_spi_ila_i/clk_wiz/inst/mmcm_adv_inst/CLKOUT0
                         net (fo=1, routed)           1.639    -4.523    jtag_spi_ila_i/clk_wiz/inst/clk_out1_jtag_spi_ila_clk_wiz_0
    BUFGCTRL_X0Y16       BUFG (Prop_bufg_I_O)         0.091    -4.432 r  jtag_spi_ila_i/clk_wiz/inst/clkout1_buf/O
                         net (fo=3352, routed)        1.509    -2.922    dbg_hub/inst/BSCANID.u_xsdbm_id/CORE_XSDB.UUT_MASTER/U_ICON_INTERFACE/U_CMD6_RD/U_RD_FIFO/SUBCORE_FIFO.xsdbm_v3_0_0_rdfifo_inst/inst_fifo_gen/gconvfifo.rf/grf.rf/gntv_or_sync_fifo.gcx.clkx/wr_clk
    SLICE_X59Y96         FDCE                                         r  dbg_hub/inst/BSCANID.u_xsdbm_id/CORE_XSDB.UUT_MASTER/U_ICON_INTERFACE/U_CMD6_RD/U_RD_FIFO/SUBCORE_FIFO.xsdbm_v3_0_0_rdfifo_inst/inst_fifo_gen/gconvfifo.rf/grf.rf/gntv_or_sync_fifo.gcx.clkx/gnxpm_cdc.wr_pntr_gc_reg[1]/C
  -------------------------------------------------------------------    -------------------
    SLICE_X59Y96         FDCE (Prop_fdce_C_Q)         0.337    -2.585 r  dbg_hub/inst/BSCANID.u_xsdbm_id/CORE_XSDB.UUT_MASTER/U_ICON_INTERFACE/U_CMD6_RD/U_RD_FIFO/SUBCORE_FIFO.xsdbm_v3_0_0_rdfifo_inst/inst_fifo_gen/gconvfifo.rf/grf.rf/gntv_or_sync_fifo.gcx.clkx/gnxpm_cdc.wr_pntr_gc_reg[1]/Q
                         net (fo=1, routed)           0.377    -2.208    dbg_hub/inst/BSCANID.u_xsdbm_id/CORE_XSDB.UUT_MASTER/U_ICON_INTERFACE/U_CMD6_RD/U_RD_FIFO/SUBCORE_FIFO.xsdbm_v3_0_0_rdfifo_inst/inst_fifo_gen/gconvfifo.rf/grf.rf/gntv_or_sync_fifo.gcx.clkx/gnxpm_cdc.gsync_stage[1].rd_stg_inst/Q[1]
    SLICE_X59Y97         FDCE                                         r  dbg_hub/inst/BSCANID.u_xsdbm_id/CORE_XSDB.UUT_MASTER/U_ICON_INTERFACE/U_CMD6_RD/U_RD_FIFO/SUBCORE_FIFO.xsdbm_v3_0_0_rdfifo_inst/inst_fifo_gen/gconvfifo.rf/grf.rf/gntv_or_sync_fifo.gcx.clkx/gnxpm_cdc.gsync_stage[1].rd_stg_inst/Q_reg_reg[1]/D
  -------------------------------------------------------------------    -------------------

                         (clock dbg_hub/inst/BSCANID.u_xsdbm_id/SWITCH_N_EXT_BSCAN.bscan_inst/SERIES7_BSCAN.bscan_inst/TCK rise edge)
                                                      0.000     0.000 r  
    BSCAN_X0Y0           BSCANE2                      0.000     0.000 r  dbg_hub/inst/BSCANID.u_xsdbm_id/SWITCH_N_EXT_BSCAN.bscan_inst/SERIES7_BSCAN.bscan_inst/TCK
                         net (fo=1, routed)           1.944     1.944    dbg_hub/inst/BSCANID.u_xsdbm_id/tck_bs
    BUFGCTRL_X0Y0        BUFG (Prop_bufg_I_O)         0.096     2.040 r  dbg_hub/inst/BSCANID.u_xsdbm_id/SWITCH_N_EXT_BSCAN.u_bufg_icon_tck/O
                         net (fo=486, routed)         1.629     3.670    dbg_hub/inst/BSCANID.u_xsdbm_id/CORE_XSDB.UUT_MASTER/U_ICON_INTERFACE/U_CMD6_RD/U_RD_FIFO/SUBCORE_FIFO.xsdbm_v3_0_0_rdfifo_inst/inst_fifo_gen/gconvfifo.rf/grf.rf/gntv_or_sync_fifo.gcx.clkx/gnxpm_cdc.gsync_stage[1].rd_stg_inst/rd_clk
    SLICE_X59Y97         FDCE                                         r  dbg_hub/inst/BSCANID.u_xsdbm_id/CORE_XSDB.UUT_MASTER/U_ICON_INTERFACE/U_CMD6_RD/U_RD_FIFO/SUBCORE_FIFO.xsdbm_v3_0_0_rdfifo_inst/inst_fifo_gen/gconvfifo.rf/grf.rf/gntv_or_sync_fifo.gcx.clkx/gnxpm_cdc.gsync_stage[1].rd_stg_inst/Q_reg_reg[1]/C
                         clock pessimism              0.000     3.670    
    SLICE_X59Y97         FDCE (Hold_fdce_C_D)         0.029     3.699    dbg_hub/inst/BSCANID.u_xsdbm_id/CORE_XSDB.UUT_MASTER/U_ICON_INTERFACE/U_CMD6_RD/U_RD_FIFO/SUBCORE_FIFO.xsdbm_v3_0_0_rdfifo_inst/inst_fifo_gen/gconvfifo.rf/grf.rf/gntv_or_sync_fifo.gcx.clkx/gnxpm_cdc.gsync_stage[1].rd_stg_inst/Q_reg_reg[1]
  -------------------------------------------------------------------
                         data arrival                          -2.208    
                         clock arrival                          3.699    
  -------------------------------------------------------------------
                         relative delay                        -5.907    



Id: 11
set_bus_skew -from [get_cells [list {dbg_hub/inst/BSCANID.u_xsdbm_id/CORE_XSDB.UUT_MASTER/U_ICON_INTERFACE/U_CMD6_WR/U_WR_FIFO/SUBCORE_FIFO.xsdbm_v3_0_0_wrfifo_inst/inst_fifo_gen/gconvfifo.rf/grf.rf/gntv_or_sync_fifo.gcx.clkx/gnxpm_cdc.rd_pntr_gc_reg[0]} {dbg_hub/inst/BSCANID.u_xsdbm_id/CORE_XSDB.UUT_MASTER/U_ICON_INTERFACE/U_CMD6_WR/U_WR_FIFO/SUBCORE_FIFO.xsdbm_v3_0_0_wrfifo_inst/inst_fifo_gen/gconvfifo.rf/grf.rf/gntv_or_sync_fifo.gcx.clkx/gnxpm_cdc.rd_pntr_gc_reg[1]} {dbg_hub/inst/BSCANID.u_xsdbm_id/CORE_XSDB.UUT_MASTER/U_ICON_INTERFACE/U_CMD6_WR/U_WR_FIFO/SUBCORE_FIFO.xsdbm_v3_0_0_wrfifo_inst/inst_fifo_gen/gconvfifo.rf/grf.rf/gntv_or_sync_fifo.gcx.clkx/gnxpm_cdc.rd_pntr_gc_reg[2]} {dbg_hub/inst/BSCANID.u_xsdbm_id/CORE_XSDB.UUT_MASTER/U_ICON_INTERFACE/U_CMD6_WR/U_WR_FIFO/SUBCORE_FIFO.xsdbm_v3_0_0_wrfifo_inst/inst_fifo_gen/gconvfifo.rf/grf.rf/gntv_or_sync_fifo.gcx.clkx/gnxpm_cdc.rd_pntr_gc_reg[3]}]] -to [get_cells [list {dbg_hub/inst/BSCANID.u_xsdbm_id/CORE_XSDB.UUT_MASTER/U_ICON_INTERFACE/U_CMD6_WR/U_WR_FIFO/SUBCORE_FIFO.xsdbm_v3_0_0_wrfifo_inst/inst_fifo_gen/gconvfifo.rf/grf.rf/gntv_or_sync_fifo.gcx.clkx/gnxpm_cdc.gsync_stage[1].wr_stg_inst/Q_reg_reg[0]} {dbg_hub/inst/BSCANID.u_xsdbm_id/CORE_XSDB.UUT_MASTER/U_ICON_INTERFACE/U_CMD6_WR/U_WR_FIFO/SUBCORE_FIFO.xsdbm_v3_0_0_wrfifo_inst/inst_fifo_gen/gconvfifo.rf/grf.rf/gntv_or_sync_fifo.gcx.clkx/gnxpm_cdc.gsync_stage[1].wr_stg_inst/Q_reg_reg[1]} {dbg_hub/inst/BSCANID.u_xsdbm_id/CORE_XSDB.UUT_MASTER/U_ICON_INTERFACE/U_CMD6_WR/U_WR_FIFO/SUBCORE_FIFO.xsdbm_v3_0_0_wrfifo_inst/inst_fifo_gen/gconvfifo.rf/grf.rf/gntv_or_sync_fifo.gcx.clkx/gnxpm_cdc.gsync_stage[1].wr_stg_inst/Q_reg_reg[2]} {dbg_hub/inst/BSCANID.u_xsdbm_id/CORE_XSDB.UUT_MASTER/U_ICON_INTERFACE/U_CMD6_WR/U_WR_FIFO/SUBCORE_FIFO.xsdbm_v3_0_0_wrfifo_inst/inst_fifo_gen/gconvfifo.rf/grf.rf/gntv_or_sync_fifo.gcx.clkx/gnxpm_cdc.gsync_stage[1].wr_stg_inst/Q_reg_reg[3]}]] 10.000
Requirement: 10.000ns
Endpoints: 4

From Clock            To Clock              Endpoint Pin                    Reference Pin                   Corner  Actual(ns)  Slack(ns)
--------------------  --------------------  ------------------------------  ------------------------------  ------  ----------  ---------
clk_out1_jtag_spi_ila_clk_wiz_0
                      dbg_hub/inst/BSCANID.u_xsdbm_id/SWITCH_N_EXT_BSCAN.bscan_inst/SERIES7_BSCAN.bscan_inst/TCK
                                            dbg_hub/inst/BSCANID.u_xsdbm_id/CORE_XSDB.UUT_MASTER/U_ICON_INTERFACE/U_CMD6_WR/U_WR_FIFO/SUBCORE_FIFO.xsdbm_v3_0_0_wrfifo_inst/inst_fifo_gen/gconvfifo.rf/grf.rf/gntv_or_sync_fifo.gcx.clkx/gnxpm_cdc.gsync_stage[1].wr_stg_inst/Q_reg_reg[0]/D
                                                                            dbg_hub/inst/BSCANID.u_xsdbm_id/CORE_XSDB.UUT_MASTER/U_ICON_INTERFACE/U_CMD6_WR/U_WR_FIFO/SUBCORE_FIFO.xsdbm_v3_0_0_wrfifo_inst/inst_fifo_gen/gconvfifo.rf/grf.rf/gntv_or_sync_fifo.gcx.clkx/gnxpm_cdc.gsync_stage[1].wr_stg_inst/Q_reg_reg[3]/D
                                                                                                            Slow         0.807      9.193


Slack (MET) :             9.193ns  (requirement - actual skew)
  Endpoint Source:        dbg_hub/inst/BSCANID.u_xsdbm_id/CORE_XSDB.UUT_MASTER/U_ICON_INTERFACE/U_CMD6_WR/U_WR_FIFO/SUBCORE_FIFO.xsdbm_v3_0_0_wrfifo_inst/inst_fifo_gen/gconvfifo.rf/grf.rf/gntv_or_sync_fifo.gcx.clkx/gnxpm_cdc.rd_pntr_gc_reg[0]/C
                            (rising edge-triggered cell FDCE clocked by clk_out1_jtag_spi_ila_clk_wiz_0)
  Endpoint Destination:   dbg_hub/inst/BSCANID.u_xsdbm_id/CORE_XSDB.UUT_MASTER/U_ICON_INTERFACE/U_CMD6_WR/U_WR_FIFO/SUBCORE_FIFO.xsdbm_v3_0_0_wrfifo_inst/inst_fifo_gen/gconvfifo.rf/grf.rf/gntv_or_sync_fifo.gcx.clkx/gnxpm_cdc.gsync_stage[1].wr_stg_inst/Q_reg_reg[0]/D
                            (rising edge-triggered cell FDCE clocked by dbg_hub/inst/BSCANID.u_xsdbm_id/SWITCH_N_EXT_BSCAN.bscan_inst/SERIES7_BSCAN.bscan_inst/TCK)
  Reference Source:       dbg_hub/inst/BSCANID.u_xsdbm_id/CORE_XSDB.UUT_MASTER/U_ICON_INTERFACE/U_CMD6_WR/U_WR_FIFO/SUBCORE_FIFO.xsdbm_v3_0_0_wrfifo_inst/inst_fifo_gen/gconvfifo.rf/grf.rf/gntv_or_sync_fifo.gcx.clkx/gnxpm_cdc.rd_pntr_gc_reg[3]/C
                            (rising edge-triggered cell FDCE clocked by clk_out1_jtag_spi_ila_clk_wiz_0)
  Reference Destination:  dbg_hub/inst/BSCANID.u_xsdbm_id/CORE_XSDB.UUT_MASTER/U_ICON_INTERFACE/U_CMD6_WR/U_WR_FIFO/SUBCORE_FIFO.xsdbm_v3_0_0_wrfifo_inst/inst_fifo_gen/gconvfifo.rf/grf.rf/gntv_or_sync_fifo.gcx.clkx/gnxpm_cdc.gsync_stage[1].wr_stg_inst/Q_reg_reg[3]/D
                            (rising edge-triggered cell FDCE clocked by dbg_hub/inst/BSCANID.u_xsdbm_id/SWITCH_N_EXT_BSCAN.bscan_inst/SERIES7_BSCAN.bscan_inst/TCK)
  Path Type:              Bus Skew (Max at Slow Process Corner)
  Requirement:            10.000ns
  Endpoint Relative Delay:   -4.365ns
  Reference Relative Delay:  -6.063ns
  Relative CRPR:              0.891ns
  Actual Bus Skew:            0.807ns  (Endpoint Relative Delay - Reference Relative Delay - Relative CRPR)

Endpoint path:
    Location             Delay type                Incr(ns)  Path(ns)    Netlist Resource(s)
  -------------------------------------------------------------------    -------------------
                         (clock clk_out1_jtag_spi_ila_clk_wiz_0 rise edge)
                                                      0.000     0.000 r  
    E3                   IBUF                         0.000     0.000 r  sys_clock_IBUF_inst/O
                         net (fo=2, routed)           1.233     1.233    jtag_spi_ila_i/clk_wiz/inst/clk_in1
    MMCME2_ADV_X1Y2      MMCME2_ADV (Prop_mmcme2_adv_CLKIN1_CLKOUT0)
                                                     -7.070    -5.837 r  jtag_spi_ila_i/clk_wiz/inst/mmcm_adv_inst/CLKOUT0
                         net (fo=1, routed)           1.719    -4.118    jtag_spi_ila_i/clk_wiz/inst/clk_out1_jtag_spi_ila_clk_wiz_0
    BUFGCTRL_X0Y16       BUFG (Prop_bufg_I_O)         0.096    -4.022 r  jtag_spi_ila_i/clk_wiz/inst/clkout1_buf/O
                         net (fo=3352, routed)        1.609    -2.413    dbg_hub/inst/BSCANID.u_xsdbm_id/CORE_XSDB.UUT_MASTER/U_ICON_INTERFACE/U_CMD6_WR/U_WR_FIFO/SUBCORE_FIFO.xsdbm_v3_0_0_wrfifo_inst/inst_fifo_gen/gconvfifo.rf/grf.rf/gntv_or_sync_fifo.gcx.clkx/rd_clk
    SLICE_X54Y104        FDCE                                         r  dbg_hub/inst/BSCANID.u_xsdbm_id/CORE_XSDB.UUT_MASTER/U_ICON_INTERFACE/U_CMD6_WR/U_WR_FIFO/SUBCORE_FIFO.xsdbm_v3_0_0_wrfifo_inst/inst_fifo_gen/gconvfifo.rf/grf.rf/gntv_or_sync_fifo.gcx.clkx/gnxpm_cdc.rd_pntr_gc_reg[0]/C
  -------------------------------------------------------------------    -------------------
    SLICE_X54Y104        FDCE (Prop_fdce_C_Q)         0.478    -1.935 r  dbg_hub/inst/BSCANID.u_xsdbm_id/CORE_XSDB.UUT_MASTER/U_ICON_INTERFACE/U_CMD6_WR/U_WR_FIFO/SUBCORE_FIFO.xsdbm_v3_0_0_wrfifo_inst/inst_fifo_gen/gconvfifo.rf/grf.rf/gntv_or_sync_fifo.gcx.clkx/gnxpm_cdc.rd_pntr_gc_reg[0]/Q
                         net (fo=1, routed)           0.606    -1.328    dbg_hub/inst/BSCANID.u_xsdbm_id/CORE_XSDB.UUT_MASTER/U_ICON_INTERFACE/U_CMD6_WR/U_WR_FIFO/SUBCORE_FIFO.xsdbm_v3_0_0_wrfifo_inst/inst_fifo_gen/gconvfifo.rf/grf.rf/gntv_or_sync_fifo.gcx.clkx/gnxpm_cdc.gsync_stage[1].wr_stg_inst/Q[0]
    SLICE_X58Y104        FDCE                                         r  dbg_hub/inst/BSCANID.u_xsdbm_id/CORE_XSDB.UUT_MASTER/U_ICON_INTERFACE/U_CMD6_WR/U_WR_FIFO/SUBCORE_FIFO.xsdbm_v3_0_0_wrfifo_inst/inst_fifo_gen/gconvfifo.rf/grf.rf/gntv_or_sync_fifo.gcx.clkx/gnxpm_cdc.gsync_stage[1].wr_stg_inst/Q_reg_reg[0]/D
  -------------------------------------------------------------------    -------------------

                         (clock dbg_hub/inst/BSCANID.u_xsdbm_id/SWITCH_N_EXT_BSCAN.bscan_inst/SERIES7_BSCAN.bscan_inst/TCK rise edge)
                                                      0.000     0.000 r  
    BSCAN_X0Y0           BSCANE2                      0.000     0.000 r  dbg_hub/inst/BSCANID.u_xsdbm_id/SWITCH_N_EXT_BSCAN.bscan_inst/SERIES7_BSCAN.bscan_inst/TCK
                         net (fo=1, routed)           1.668     1.668    dbg_hub/inst/BSCANID.u_xsdbm_id/tck_bs
    BUFGCTRL_X0Y0        BUFG (Prop_bufg_I_O)         0.091     1.759 r  dbg_hub/inst/BSCANID.u_xsdbm_id/SWITCH_N_EXT_BSCAN.u_bufg_icon_tck/O
                         net (fo=486, routed)         1.496     3.255    dbg_hub/inst/BSCANID.u_xsdbm_id/CORE_XSDB.UUT_MASTER/U_ICON_INTERFACE/U_CMD6_WR/U_WR_FIFO/SUBCORE_FIFO.xsdbm_v3_0_0_wrfifo_inst/inst_fifo_gen/gconvfifo.rf/grf.rf/gntv_or_sync_fifo.gcx.clkx/gnxpm_cdc.gsync_stage[1].wr_stg_inst/wr_clk
    SLICE_X58Y104        FDCE                                         r  dbg_hub/inst/BSCANID.u_xsdbm_id/CORE_XSDB.UUT_MASTER/U_ICON_INTERFACE/U_CMD6_WR/U_WR_FIFO/SUBCORE_FIFO.xsdbm_v3_0_0_wrfifo_inst/inst_fifo_gen/gconvfifo.rf/grf.rf/gntv_or_sync_fifo.gcx.clkx/gnxpm_cdc.gsync_stage[1].wr_stg_inst/Q_reg_reg[0]/C
                         clock pessimism              0.000     3.255    
    SLICE_X58Y104        FDCE (Setup_fdce_C_D)       -0.218     3.037    dbg_hub/inst/BSCANID.u_xsdbm_id/CORE_XSDB.UUT_MASTER/U_ICON_INTERFACE/U_CMD6_WR/U_WR_FIFO/SUBCORE_FIFO.xsdbm_v3_0_0_wrfifo_inst/inst_fifo_gen/gconvfifo.rf/grf.rf/gntv_or_sync_fifo.gcx.clkx/gnxpm_cdc.gsync_stage[1].wr_stg_inst/Q_reg_reg[0]
  -------------------------------------------------------------------
                         data arrival                          -1.328    
                         clock arrival                          3.037    
  -------------------------------------------------------------------
                         relative delay                        -4.365    

Reference path:
    Location             Delay type                Incr(ns)  Path(ns)    Netlist Resource(s)
  -------------------------------------------------------------------    -------------------
                         (clock clk_out1_jtag_spi_ila_clk_wiz_0 rise edge)
                                                      0.000     0.000 r  
    E3                   IBUF                         0.000     0.000 r  sys_clock_IBUF_inst/O
                         net (fo=2, routed)           1.162     1.162    jtag_spi_ila_i/clk_wiz/inst/clk_in1
    MMCME2_ADV_X1Y2      MMCME2_ADV (Prop_mmcme2_adv_CLKIN1_CLKOUT0)
                                                     -7.324    -6.162 r  jtag_spi_ila_i/clk_wiz/inst/mmcm_adv_inst/CLKOUT0
                         net (fo=1, routed)           1.639    -4.523    jtag_spi_ila_i/clk_wiz/inst/clk_out1_jtag_spi_ila_clk_wiz_0
    BUFGCTRL_X0Y16       BUFG (Prop_bufg_I_O)         0.091    -4.432 r  jtag_spi_ila_i/clk_wiz/inst/clkout1_buf/O
                         net (fo=3352, routed)        1.489    -2.943    dbg_hub/inst/BSCANID.u_xsdbm_id/CORE_XSDB.UUT_MASTER/U_ICON_INTERFACE/U_CMD6_WR/U_WR_FIFO/SUBCORE_FIFO.xsdbm_v3_0_0_wrfifo_inst/inst_fifo_gen/gconvfifo.rf/grf.rf/gntv_or_sync_fifo.gcx.clkx/rd_clk
    SLICE_X57Y104        FDCE                                         r  dbg_hub/inst/BSCANID.u_xsdbm_id/CORE_XSDB.UUT_MASTER/U_ICON_INTERFACE/U_CMD6_WR/U_WR_FIFO/SUBCORE_FIFO.xsdbm_v3_0_0_wrfifo_inst/inst_fifo_gen/gconvfifo.rf/grf.rf/gntv_or_sync_fifo.gcx.clkx/gnxpm_cdc.rd_pntr_gc_reg[3]/C
  -------------------------------------------------------------------    -------------------
    SLICE_X57Y104        FDCE (Prop_fdce_C_Q)         0.367    -2.576 r  dbg_hub/inst/BSCANID.u_xsdbm_id/CORE_XSDB.UUT_MASTER/U_ICON_INTERFACE/U_CMD6_WR/U_WR_FIFO/SUBCORE_FIFO.xsdbm_v3_0_0_wrfifo_inst/inst_fifo_gen/gconvfifo.rf/grf.rf/gntv_or_sync_fifo.gcx.clkx/gnxpm_cdc.rd_pntr_gc_reg[3]/Q
                         net (fo=1, routed)           0.400    -2.176    dbg_hub/inst/BSCANID.u_xsdbm_id/CORE_XSDB.UUT_MASTER/U_ICON_INTERFACE/U_CMD6_WR/U_WR_FIFO/SUBCORE_FIFO.xsdbm_v3_0_0_wrfifo_inst/inst_fifo_gen/gconvfifo.rf/grf.rf/gntv_or_sync_fifo.gcx.clkx/gnxpm_cdc.gsync_stage[1].wr_stg_inst/Q[3]
    SLICE_X58Y104        FDCE                                         r  dbg_hub/inst/BSCANID.u_xsdbm_id/CORE_XSDB.UUT_MASTER/U_ICON_INTERFACE/U_CMD6_WR/U_WR_FIFO/SUBCORE_FIFO.xsdbm_v3_0_0_wrfifo_inst/inst_fifo_gen/gconvfifo.rf/grf.rf/gntv_or_sync_fifo.gcx.clkx/gnxpm_cdc.gsync_stage[1].wr_stg_inst/Q_reg_reg[3]/D
  -------------------------------------------------------------------    -------------------

                         (clock dbg_hub/inst/BSCANID.u_xsdbm_id/SWITCH_N_EXT_BSCAN.bscan_inst/SERIES7_BSCAN.bscan_inst/TCK rise edge)
                                                      0.000     0.000 r  
    BSCAN_X0Y0           BSCANE2                      0.000     0.000 r  dbg_hub/inst/BSCANID.u_xsdbm_id/SWITCH_N_EXT_BSCAN.bscan_inst/SERIES7_BSCAN.bscan_inst/TCK
                         net (fo=1, routed)           1.944     1.944    dbg_hub/inst/BSCANID.u_xsdbm_id/tck_bs
    BUFGCTRL_X0Y0        BUFG (Prop_bufg_I_O)         0.096     2.040 r  dbg_hub/inst/BSCANID.u_xsdbm_id/SWITCH_N_EXT_BSCAN.u_bufg_icon_tck/O
                         net (fo=486, routed)         1.616     3.656    dbg_hub/inst/BSCANID.u_xsdbm_id/CORE_XSDB.UUT_MASTER/U_ICON_INTERFACE/U_CMD6_WR/U_WR_FIFO/SUBCORE_FIFO.xsdbm_v3_0_0_wrfifo_inst/inst_fifo_gen/gconvfifo.rf/grf.rf/gntv_or_sync_fifo.gcx.clkx/gnxpm_cdc.gsync_stage[1].wr_stg_inst/wr_clk
    SLICE_X58Y104        FDCE                                         r  dbg_hub/inst/BSCANID.u_xsdbm_id/CORE_XSDB.UUT_MASTER/U_ICON_INTERFACE/U_CMD6_WR/U_WR_FIFO/SUBCORE_FIFO.xsdbm_v3_0_0_wrfifo_inst/inst_fifo_gen/gconvfifo.rf/grf.rf/gntv_or_sync_fifo.gcx.clkx/gnxpm_cdc.gsync_stage[1].wr_stg_inst/Q_reg_reg[3]/C
                         clock pessimism              0.000     3.656    
    SLICE_X58Y104        FDCE (Hold_fdce_C_D)         0.231     3.887    dbg_hub/inst/BSCANID.u_xsdbm_id/CORE_XSDB.UUT_MASTER/U_ICON_INTERFACE/U_CMD6_WR/U_WR_FIFO/SUBCORE_FIFO.xsdbm_v3_0_0_wrfifo_inst/inst_fifo_gen/gconvfifo.rf/grf.rf/gntv_or_sync_fifo.gcx.clkx/gnxpm_cdc.gsync_stage[1].wr_stg_inst/Q_reg_reg[3]
  -------------------------------------------------------------------
                         data arrival                          -2.176    
                         clock arrival                          3.887    
  -------------------------------------------------------------------
                         relative delay                        -6.063    



Id: 12
set_bus_skew -from [get_cells [list {dbg_hub/inst/BSCANID.u_xsdbm_id/CORE_XSDB.UUT_MASTER/U_ICON_INTERFACE/U_CMD6_WR/U_WR_FIFO/SUBCORE_FIFO.xsdbm_v3_0_0_wrfifo_inst/inst_fifo_gen/gconvfifo.rf/grf.rf/gntv_or_sync_fifo.gcx.clkx/gnxpm_cdc.wr_pntr_gc_reg[0]} {dbg_hub/inst/BSCANID.u_xsdbm_id/CORE_XSDB.UUT_MASTER/U_ICON_INTERFACE/U_CMD6_WR/U_WR_FIFO/SUBCORE_FIFO.xsdbm_v3_0_0_wrfifo_inst/inst_fifo_gen/gconvfifo.rf/grf.rf/gntv_or_sync_fifo.gcx.clkx/gnxpm_cdc.wr_pntr_gc_reg[1]} {dbg_hub/inst/BSCANID.u_xsdbm_id/CORE_XSDB.UUT_MASTER/U_ICON_INTERFACE/U_CMD6_WR/U_WR_FIFO/SUBCORE_FIFO.xsdbm_v3_0_0_wrfifo_inst/inst_fifo_gen/gconvfifo.rf/grf.rf/gntv_or_sync_fifo.gcx.clkx/gnxpm_cdc.wr_pntr_gc_reg[2]} {dbg_hub/inst/BSCANID.u_xsdbm_id/CORE_XSDB.UUT_MASTER/U_ICON_INTERFACE/U_CMD6_WR/U_WR_FIFO/SUBCORE_FIFO.xsdbm_v3_0_0_wrfifo_inst/inst_fifo_gen/gconvfifo.rf/grf.rf/gntv_or_sync_fifo.gcx.clkx/gnxpm_cdc.wr_pntr_gc_reg[3]}]] -to [get_cells [list {dbg_hub/inst/BSCANID.u_xsdbm_id/CORE_XSDB.UUT_MASTER/U_ICON_INTERFACE/U_CMD6_WR/U_WR_FIFO/SUBCORE_FIFO.xsdbm_v3_0_0_wrfifo_inst/inst_fifo_gen/gconvfifo.rf/grf.rf/gntv_or_sync_fifo.gcx.clkx/gnxpm_cdc.gsync_stage[1].rd_stg_inst/Q_reg_reg[0]} {dbg_hub/inst/BSCANID.u_xsdbm_id/CORE_XSDB.UUT_MASTER/U_ICON_INTERFACE/U_CMD6_WR/U_WR_FIFO/SUBCORE_FIFO.xsdbm_v3_0_0_wrfifo_inst/inst_fifo_gen/gconvfifo.rf/grf.rf/gntv_or_sync_fifo.gcx.clkx/gnxpm_cdc.gsync_stage[1].rd_stg_inst/Q_reg_reg[1]} {dbg_hub/inst/BSCANID.u_xsdbm_id/CORE_XSDB.UUT_MASTER/U_ICON_INTERFACE/U_CMD6_WR/U_WR_FIFO/SUBCORE_FIFO.xsdbm_v3_0_0_wrfifo_inst/inst_fifo_gen/gconvfifo.rf/grf.rf/gntv_or_sync_fifo.gcx.clkx/gnxpm_cdc.gsync_stage[1].rd_stg_inst/Q_reg_reg[2]} {dbg_hub/inst/BSCANID.u_xsdbm_id/CORE_XSDB.UUT_MASTER/U_ICON_INTERFACE/U_CMD6_WR/U_WR_FIFO/SUBCORE_FIFO.xsdbm_v3_0_0_wrfifo_inst/inst_fifo_gen/gconvfifo.rf/grf.rf/gntv_or_sync_fifo.gcx.clkx/gnxpm_cdc.gsync_stage[1].rd_stg_inst/Q_reg_reg[3]}]] 10.000
Requirement: 10.000ns
Endpoints: 4

From Clock            To Clock              Endpoint Pin                    Reference Pin                   Corner  Actual(ns)  Slack(ns)
--------------------  --------------------  ------------------------------  ------------------------------  ------  ----------  ---------
dbg_hub/inst/BSCANID.u_xsdbm_id/SWITCH_N_EXT_BSCAN.bscan_inst/SERIES7_BSCAN.bscan_inst/TCK
                      clk_out1_jtag_spi_ila_clk_wiz_0
                                            dbg_hub/inst/BSCANID.u_xsdbm_id/CORE_XSDB.UUT_MASTER/U_ICON_INTERFACE/U_CMD6_WR/U_WR_FIFO/SUBCORE_FIFO.xsdbm_v3_0_0_wrfifo_inst/inst_fifo_gen/gconvfifo.rf/grf.rf/gntv_or_sync_fifo.gcx.clkx/gnxpm_cdc.gsync_stage[1].rd_stg_inst/Q_reg_reg[0]/D
                                                                            dbg_hub/inst/BSCANID.u_xsdbm_id/CORE_XSDB.UUT_MASTER/U_ICON_INTERFACE/U_CMD6_WR/U_WR_FIFO/SUBCORE_FIFO.xsdbm_v3_0_0_wrfifo_inst/inst_fifo_gen/gconvfifo.rf/grf.rf/gntv_or_sync_fifo.gcx.clkx/gnxpm_cdc.gsync_stage[1].rd_stg_inst/Q_reg_reg[2]/D
                                                                                                            Slow         0.621      9.379


Slack (MET) :             9.379ns  (requirement - actual skew)
  Endpoint Source:        dbg_hub/inst/BSCANID.u_xsdbm_id/CORE_XSDB.UUT_MASTER/U_ICON_INTERFACE/U_CMD6_WR/U_WR_FIFO/SUBCORE_FIFO.xsdbm_v3_0_0_wrfifo_inst/inst_fifo_gen/gconvfifo.rf/grf.rf/gntv_or_sync_fifo.gcx.clkx/gnxpm_cdc.wr_pntr_gc_reg[0]/C
                            (rising edge-triggered cell FDCE clocked by dbg_hub/inst/BSCANID.u_xsdbm_id/SWITCH_N_EXT_BSCAN.bscan_inst/SERIES7_BSCAN.bscan_inst/TCK)
  Endpoint Destination:   dbg_hub/inst/BSCANID.u_xsdbm_id/CORE_XSDB.UUT_MASTER/U_ICON_INTERFACE/U_CMD6_WR/U_WR_FIFO/SUBCORE_FIFO.xsdbm_v3_0_0_wrfifo_inst/inst_fifo_gen/gconvfifo.rf/grf.rf/gntv_or_sync_fifo.gcx.clkx/gnxpm_cdc.gsync_stage[1].rd_stg_inst/Q_reg_reg[0]/D
                            (rising edge-triggered cell FDCE clocked by clk_out1_jtag_spi_ila_clk_wiz_0)
  Reference Source:       dbg_hub/inst/BSCANID.u_xsdbm_id/CORE_XSDB.UUT_MASTER/U_ICON_INTERFACE/U_CMD6_WR/U_WR_FIFO/SUBCORE_FIFO.xsdbm_v3_0_0_wrfifo_inst/inst_fifo_gen/gconvfifo.rf/grf.rf/gntv_or_sync_fifo.gcx.clkx/gnxpm_cdc.wr_pntr_gc_reg[2]/C
                            (rising edge-triggered cell FDCE clocked by dbg_hub/inst/BSCANID.u_xsdbm_id/SWITCH_N_EXT_BSCAN.bscan_inst/SERIES7_BSCAN.bscan_inst/TCK)
  Reference Destination:  dbg_hub/inst/BSCANID.u_xsdbm_id/CORE_XSDB.UUT_MASTER/U_ICON_INTERFACE/U_CMD6_WR/U_WR_FIFO/SUBCORE_FIFO.xsdbm_v3_0_0_wrfifo_inst/inst_fifo_gen/gconvfifo.rf/grf.rf/gntv_or_sync_fifo.gcx.clkx/gnxpm_cdc.gsync_stage[1].rd_stg_inst/Q_reg_reg[2]/D
                            (rising edge-triggered cell FDCE clocked by clk_out1_jtag_spi_ila_clk_wiz_0)
  Path Type:              Bus Skew (Max at Slow Process Corner)
  Requirement:            10.000ns
  Endpoint Relative Delay:    7.783ns
  Reference Relative Delay:   6.254ns
  Relative CRPR:              0.908ns
  Actual Bus Skew:            0.621ns  (Endpoint Relative Delay - Reference Relative Delay - Relative CRPR)

Endpoint path:
    Location             Delay type                Incr(ns)  Path(ns)    Netlist Resource(s)
  -------------------------------------------------------------------    -------------------
                         (clock dbg_hub/inst/BSCANID.u_xsdbm_id/SWITCH_N_EXT_BSCAN.bscan_inst/SERIES7_BSCAN.bscan_inst/TCK rise edge)
                                                      0.000     0.000 r  
    BSCAN_X0Y0           BSCANE2                      0.000     0.000 r  dbg_hub/inst/BSCANID.u_xsdbm_id/SWITCH_N_EXT_BSCAN.bscan_inst/SERIES7_BSCAN.bscan_inst/TCK
                         net (fo=1, routed)           1.944     1.944    dbg_hub/inst/BSCANID.u_xsdbm_id/tck_bs
    BUFGCTRL_X0Y0        BUFG (Prop_bufg_I_O)         0.096     2.040 r  dbg_hub/inst/BSCANID.u_xsdbm_id/SWITCH_N_EXT_BSCAN.u_bufg_icon_tck/O
                         net (fo=486, routed)         1.616     3.656    dbg_hub/inst/BSCANID.u_xsdbm_id/CORE_XSDB.UUT_MASTER/U_ICON_INTERFACE/U_CMD6_WR/U_WR_FIFO/SUBCORE_FIFO.xsdbm_v3_0_0_wrfifo_inst/inst_fifo_gen/gconvfifo.rf/grf.rf/gntv_or_sync_fifo.gcx.clkx/wr_clk
    SLICE_X58Y103        FDCE                                         r  dbg_hub/inst/BSCANID.u_xsdbm_id/CORE_XSDB.UUT_MASTER/U_ICON_INTERFACE/U_CMD6_WR/U_WR_FIFO/SUBCORE_FIFO.xsdbm_v3_0_0_wrfifo_inst/inst_fifo_gen/gconvfifo.rf/grf.rf/gntv_or_sync_fifo.gcx.clkx/gnxpm_cdc.wr_pntr_gc_reg[0]/C
  -------------------------------------------------------------------    -------------------
    SLICE_X58Y103        FDCE (Prop_fdce_C_Q)         0.518     4.174 r  dbg_hub/inst/BSCANID.u_xsdbm_id/CORE_XSDB.UUT_MASTER/U_ICON_INTERFACE/U_CMD6_WR/U_WR_FIFO/SUBCORE_FIFO.xsdbm_v3_0_0_wrfifo_inst/inst_fifo_gen/gconvfifo.rf/grf.rf/gntv_or_sync_fifo.gcx.clkx/gnxpm_cdc.wr_pntr_gc_reg[0]/Q
                         net (fo=1, routed)           0.618     4.793    dbg_hub/inst/BSCANID.u_xsdbm_id/CORE_XSDB.UUT_MASTER/U_ICON_INTERFACE/U_CMD6_WR/U_WR_FIFO/SUBCORE_FIFO.xsdbm_v3_0_0_wrfifo_inst/inst_fifo_gen/gconvfifo.rf/grf.rf/gntv_or_sync_fifo.gcx.clkx/gnxpm_cdc.gsync_stage[1].rd_stg_inst/Q[0]
    SLICE_X56Y104        FDCE                                         r  dbg_hub/inst/BSCANID.u_xsdbm_id/CORE_XSDB.UUT_MASTER/U_ICON_INTERFACE/U_CMD6_WR/U_WR_FIFO/SUBCORE_FIFO.xsdbm_v3_0_0_wrfifo_inst/inst_fifo_gen/gconvfifo.rf/grf.rf/gntv_or_sync_fifo.gcx.clkx/gnxpm_cdc.gsync_stage[1].rd_stg_inst/Q_reg_reg[0]/D
  -------------------------------------------------------------------    -------------------

                         (clock clk_out1_jtag_spi_ila_clk_wiz_0 rise edge)
                                                      0.000     0.000 r  
    E3                   IBUF                         0.000     0.000 r  sys_clock_IBUF_inst/O
                         net (fo=2, routed)           1.162     1.162    jtag_spi_ila_i/clk_wiz/inst/clk_in1
    MMCME2_ADV_X1Y2      MMCME2_ADV (Prop_mmcme2_adv_CLKIN1_CLKOUT0)
                                                     -7.324    -6.162 r  jtag_spi_ila_i/clk_wiz/inst/mmcm_adv_inst/CLKOUT0
                         net (fo=1, routed)           1.639    -4.523    jtag_spi_ila_i/clk_wiz/inst/clk_out1_jtag_spi_ila_clk_wiz_0
    BUFGCTRL_X0Y16       BUFG (Prop_bufg_I_O)         0.091    -4.432 r  jtag_spi_ila_i/clk_wiz/inst/clkout1_buf/O
                         net (fo=3352, routed)        1.489    -2.943    dbg_hub/inst/BSCANID.u_xsdbm_id/CORE_XSDB.UUT_MASTER/U_ICON_INTERFACE/U_CMD6_WR/U_WR_FIFO/SUBCORE_FIFO.xsdbm_v3_0_0_wrfifo_inst/inst_fifo_gen/gconvfifo.rf/grf.rf/gntv_or_sync_fifo.gcx.clkx/gnxpm_cdc.gsync_stage[1].rd_stg_inst/rd_clk
    SLICE_X56Y104        FDCE                                         r  dbg_hub/inst/BSCANID.u_xsdbm_id/CORE_XSDB.UUT_MASTER/U_ICON_INTERFACE/U_CMD6_WR/U_WR_FIFO/SUBCORE_FIFO.xsdbm_v3_0_0_wrfifo_inst/inst_fifo_gen/gconvfifo.rf/grf.rf/gntv_or_sync_fifo.gcx.clkx/gnxpm_cdc.gsync_stage[1].rd_stg_inst/Q_reg_reg[0]/C
                         clock pessimism              0.000    -2.943    
    SLICE_X56Y104        FDCE (Setup_fdce_C_D)       -0.047    -2.990    dbg_hub/inst/BSCANID.u_xsdbm_id/CORE_XSDB.UUT_MASTER/U_ICON_INTERFACE/U_CMD6_WR/U_WR_FIFO/SUBCORE_FIFO.xsdbm_v3_0_0_wrfifo_inst/inst_fifo_gen/gconvfifo.rf/grf.rf/gntv_or_sync_fifo.gcx.clkx/gnxpm_cdc.gsync_stage[1].rd_stg_inst/Q_reg_reg[0]
  -------------------------------------------------------------------
                         data arrival                           4.793    
                         clock arrival                         -2.990    
  -------------------------------------------------------------------
                         relative delay                         7.783    

Reference path:
    Location             Delay type                Incr(ns)  Path(ns)    Netlist Resource(s)
  -------------------------------------------------------------------    -------------------
                         (clock dbg_hub/inst/BSCANID.u_xsdbm_id/SWITCH_N_EXT_BSCAN.bscan_inst/SERIES7_BSCAN.bscan_inst/TCK rise edge)
                                                      0.000     0.000 r  
    BSCAN_X0Y0           BSCANE2                      0.000     0.000 r  dbg_hub/inst/BSCANID.u_xsdbm_id/SWITCH_N_EXT_BSCAN.bscan_inst/SERIES7_BSCAN.bscan_inst/TCK
                         net (fo=1, routed)           1.668     1.668    dbg_hub/inst/BSCANID.u_xsdbm_id/tck_bs
    BUFGCTRL_X0Y0        BUFG (Prop_bufg_I_O)         0.091     1.759 r  dbg_hub/inst/BSCANID.u_xsdbm_id/SWITCH_N_EXT_BSCAN.u_bufg_icon_tck/O
                         net (fo=486, routed)         1.497     3.256    dbg_hub/inst/BSCANID.u_xsdbm_id/CORE_XSDB.UUT_MASTER/U_ICON_INTERFACE/U_CMD6_WR/U_WR_FIFO/SUBCORE_FIFO.xsdbm_v3_0_0_wrfifo_inst/inst_fifo_gen/gconvfifo.rf/grf.rf/gntv_or_sync_fifo.gcx.clkx/wr_clk
    SLICE_X58Y102        FDCE                                         r  dbg_hub/inst/BSCANID.u_xsdbm_id/CORE_XSDB.UUT_MASTER/U_ICON_INTERFACE/U_CMD6_WR/U_WR_FIFO/SUBCORE_FIFO.xsdbm_v3_0_0_wrfifo_inst/inst_fifo_gen/gconvfifo.rf/grf.rf/gntv_or_sync_fifo.gcx.clkx/gnxpm_cdc.wr_pntr_gc_reg[2]/C
  -------------------------------------------------------------------    -------------------
    SLICE_X58Y102        FDCE (Prop_fdce_C_Q)         0.418     3.674 r  dbg_hub/inst/BSCANID.u_xsdbm_id/CORE_XSDB.UUT_MASTER/U_ICON_INTERFACE/U_CMD6_WR/U_WR_FIFO/SUBCORE_FIFO.xsdbm_v3_0_0_wrfifo_inst/inst_fifo_gen/gconvfifo.rf/grf.rf/gntv_or_sync_fifo.gcx.clkx/gnxpm_cdc.wr_pntr_gc_reg[2]/Q
                         net (fo=1, routed)           0.399     4.073    dbg_hub/inst/BSCANID.u_xsdbm_id/CORE_XSDB.UUT_MASTER/U_ICON_INTERFACE/U_CMD6_WR/U_WR_FIFO/SUBCORE_FIFO.xsdbm_v3_0_0_wrfifo_inst/inst_fifo_gen/gconvfifo.rf/grf.rf/gntv_or_sync_fifo.gcx.clkx/gnxpm_cdc.gsync_stage[1].rd_stg_inst/Q[2]
    SLICE_X56Y104        FDCE                                         r  dbg_hub/inst/BSCANID.u_xsdbm_id/CORE_XSDB.UUT_MASTER/U_ICON_INTERFACE/U_CMD6_WR/U_WR_FIFO/SUBCORE_FIFO.xsdbm_v3_0_0_wrfifo_inst/inst_fifo_gen/gconvfifo.rf/grf.rf/gntv_or_sync_fifo.gcx.clkx/gnxpm_cdc.gsync_stage[1].rd_stg_inst/Q_reg_reg[2]/D
  -------------------------------------------------------------------    -------------------

                         (clock clk_out1_jtag_spi_ila_clk_wiz_0 rise edge)
                                                      0.000     0.000 r  
    E3                   IBUF                         0.000     0.000 r  sys_clock_IBUF_inst/O
                         net (fo=2, routed)           1.233     1.233    jtag_spi_ila_i/clk_wiz/inst/clk_in1
    MMCME2_ADV_X1Y2      MMCME2_ADV (Prop_mmcme2_adv_CLKIN1_CLKOUT0)
                                                     -7.070    -5.837 r  jtag_spi_ila_i/clk_wiz/inst/mmcm_adv_inst/CLKOUT0
                         net (fo=1, routed)           1.719    -4.118    jtag_spi_ila_i/clk_wiz/inst/clk_out1_jtag_spi_ila_clk_wiz_0
    BUFGCTRL_X0Y16       BUFG (Prop_bufg_I_O)         0.096    -4.022 r  jtag_spi_ila_i/clk_wiz/inst/clkout1_buf/O
                         net (fo=3352, routed)        1.610    -2.412    dbg_hub/inst/BSCANID.u_xsdbm_id/CORE_XSDB.UUT_MASTER/U_ICON_INTERFACE/U_CMD6_WR/U_WR_FIFO/SUBCORE_FIFO.xsdbm_v3_0_0_wrfifo_inst/inst_fifo_gen/gconvfifo.rf/grf.rf/gntv_or_sync_fifo.gcx.clkx/gnxpm_cdc.gsync_stage[1].rd_stg_inst/rd_clk
    SLICE_X56Y104        FDCE                                         r  dbg_hub/inst/BSCANID.u_xsdbm_id/CORE_XSDB.UUT_MASTER/U_ICON_INTERFACE/U_CMD6_WR/U_WR_FIFO/SUBCORE_FIFO.xsdbm_v3_0_0_wrfifo_inst/inst_fifo_gen/gconvfifo.rf/grf.rf/gntv_or_sync_fifo.gcx.clkx/gnxpm_cdc.gsync_stage[1].rd_stg_inst/Q_reg_reg[2]/C
                         clock pessimism              0.000    -2.412    
    SLICE_X56Y104        FDCE (Hold_fdce_C_D)         0.231    -2.181    dbg_hub/inst/BSCANID.u_xsdbm_id/CORE_XSDB.UUT_MASTER/U_ICON_INTERFACE/U_CMD6_WR/U_WR_FIFO/SUBCORE_FIFO.xsdbm_v3_0_0_wrfifo_inst/inst_fifo_gen/gconvfifo.rf/grf.rf/gntv_or_sync_fifo.gcx.clkx/gnxpm_cdc.gsync_stage[1].rd_stg_inst/Q_reg_reg[2]
  -------------------------------------------------------------------
                         data arrival                           4.073    
                         clock arrival                         -2.181    
  -------------------------------------------------------------------
                         relative delay                         6.254    



